order_id,review_score,评价原文（葡语）,中文释义,金标准标签,tag_fake,tag_defect,tag_mismatch,tag_missing,tag_package,判定
77bebd4675a69e173b4fc0b4cbc38ae4,1,Comprei 3 araras para roupas e foram entregues apenas 2. ,买了 3 个衣架，只送到 2 个,S,0,0,0,0,0,漏标
86ed94eb351cf5bd2ec4389a2ca92680,3,Boa a rede e chegou rápido,网很好，送得快,,0,0,0,0,0,正确排除
e838452caf63df94d1fc9a3253734414,1,"RUIM | Não recebemos as notas dos produtos, como isso é possivel, é gravíssimo transporte sem nota fiscal, o cliente fica sem garantias, no site do stark não é possível imprimir, preciso das notas.",没收到商品发票，网站也无法打印,,0,0,0,0,0,正确排除
a16c048c79d11f82c31fb4fbf407e6cf,1,O teclado não funcionou em meu mac mini. Chegou a localiza-lo porém não consegui emparelhar. Parece que não houve compatibilidade com o mac. ,键盘在 Mac mini 上无法配对，似乎不兼容,M,0,1,0,0,0,命中
3981ab3fc085c2a1d4dcca88197fe7fd,3,"Recebi o produto no prazo, mas veio faltando uma peça.",按时收到，但少了一个零件,S,0,0,0,1,0,命中
0d604e02c2216379b914f6ff1aadf8b4,1,Não tenho nada a declarar pq cancelei a compra no dia 13/02/2018 e não recebi nenhuma entrega,已取消订单，没收到任何货,,0,0,0,0,0,正确排除
5707df1e7d1d8445c2969eec209a9433,1,"Não recebi o produto, se até o dia 28/05 não tiver resposta vou procurar o procom",没收到货，再不回复就去消协投诉,,0,0,0,0,0,正确排除
2567acdbfc6fa8d47fce09510677b955,1,Até o momento não recebi o produto,至今未收到商品,,0,0,0,0,0,正确排除
dd3a38574dce5ca54d9475f70832f21c,1,"Não recebi o produto que pedi, comprei 2 luminárias e recebi APENAS 1
ESTOU SUPER INSATISFEITA 
",买了 2 个灯只收到 1 个,S,0,0,0,1,0,命中
c67d6454958f638555556ae0b89729ec,3,Chegou bem antes do prazo! Só que veio bem amassado! :/,提前送达，但商品压得很扁,D,0,1,0,0,0,命中
4abe45d3258a19bc521cdd64b940acf1,1,ProdutO errado e quebrado,商品发错了，而且是坏的,MD,0,1,1,0,0,命中
19b99fd79d81fab77d8b7ba4f7a5c799,1,"Desconfie duplamente | Duas coisas inquietantes: na nota fiscal só consta 1 frasco, deveria ser 6; a inf. nutricional dá 100% de V/D por cápsula e o modo de usar recomenda o consumo diário de 2 cápsulas.",发票只写 1 瓶（应为 6 瓶），营养标签信息可疑,M,0,0,0,0,0,漏标
f26fa27bb0f1337c570d70e32fc2e413,1,Recebi meu produto com a. | Olá boa noite recibi meu produto com à cor errada. Por esse motivo não recomendo à Loja.. ,收到的颜色不对,M,0,0,1,0,0,命中
94fcdee942970d335d394f37a3b23ada,1,Não tenho nem o que opinar! Não recebi o objeto comprado.,没收到商品，无法评价,,0,0,0,0,0,正确排除
7d49a1c0abbfb267942abc717ed81422,1,Falta de respeito com o consumidor....infelizmente não são confiáveis.....acho que terei que abrir processo para conseguir ter meus direitos .,不尊重消费者，不可信，考虑起诉（未说明原因）,,0,0,0,0,0,正确排除
09b9364d966593e51c1edead847fd220,1,"Péssima! | Comprei dois relógios, um Relógio Feminino Bracelete Dourado Strass que chegou com defeito e outro Relógio Feminino Bracelete Flor Com Pérolas que ñ chegou, mas consta como entregue.",买两块手表：一块有缺陷，另一块显示签收但没收到,DS,0,1,0,0,0,命中
3dbf60040199f502ec5dd67f86b804ab,1,"Ainda não recebi o produto , estou muito insatisfeita !!!",还没收到货，很不满,,0,0,0,0,0,正确排除
e4992b3b826ff19edba39e9a4d9dae26,1,"Nao chegou o produto | Chegou a nota fiscal e nao chegou o produto , liguei nos correios e eles falaram que só chegou o envelope, quero saber sobre o produto , e o codigo de autenticidade nao confere , da no nome de outra .",只收到装发票的信封，没收到商品,,0,0,1,0,0,误标
023ae47e11483bdb8aa35fa4662aee1c,2,"Esse foi terceiro produto que comprei, porém a qualidade desse, comparado aos dois últimos, é muito inferior.",这次的质量比前两次差很多,D,0,0,0,0,0,漏标
da53145615b1d679fc6a9f3121d8bd85,3,"Produto NÃO 100% igual. | O suporte que comprei na 1ª compra gostei muito, por isso resolvi comprar mais um para dar para o meu irmão.
Ocorre que no site mostrava o suporte igual ao da 1ª compra, mas quando recebi o produto, ",收到的支架和网站展示、和上次买的不一样,M,0,0,0,0,0,漏标
6112465ce26bd647dea31c662d04cbde,3,foram comprados dois produtos e foi entregue um de cada vez,买两件，分两次送到,,0,0,0,0,0,正确排除
f18c6aa6a5d583e8ec36beaabb81d9a0,2,"Produto nao é o que mostra, diz que tem 50watz de potencia mas é mentira..
Eu medi ...",与展示不符：标称 50W，实测不到,M,0,0,1,0,0,命中
2e318792ba96e5cfa5b52739226398ef,1,"está faltando 1 produto | não recebi o produto completo como deveria, comprei 2 unidades na mesma loja, porém só veio 1 unidade. Espero receber o produto que falta o mais breve possível.",买 2 件只到 1 件，还缺 1 件,S,0,0,0,1,0,命中
c03db9e9e3664ee812e8fc4d00f324c9,3,não chegou ainda o meu produto .porquer,商品还没到,,0,0,0,0,0,正确排除
a4cae3a44a6aeebd2b30ccf5cf828d89,2,"xxx | Não recebi, não posso avaliar.",没收到，无法评价,,0,0,0,0,0,正确排除
3b26d4fe0e3bb6427ae7d3b446bd8c85,1,Achei era mais firme..mas além de frágil... Tem pouca aderência.,以为更结实，结果很脆弱、附着力差,D,0,1,0,0,0,命中
dcc07c60d0b67d006e3b736ed1c75e69,1,Desde o dia 16/10 que está em transição pelos correios e o produto ainda não chegou nem na sede dos correios em Salvador/BA. Ninguém sabe informar nos correios onde se encontra a encomenda.,包裹一直在邮局中转，还没到,,0,0,0,0,0,正确排除
2187a89df025d844e72cfc51e29dcd6c,1,Ainda não recebi a mercadoria! mas como preciso do produto estou esperando que o problema se resolva.,还没收到货，在等处理,,0,0,0,0,0,正确排除
77398a0f3a4c177f2c4c7010abb1d9d9,1,"Recebi os itens hoje em uma caixa toda rasgada a carretilha toda riscada e a vara não é a que eu comprei, paguei por uma vara Ottoni Júlia de 2,10 e veio uma vara maruri pintado menor.",箱子破烂、渔线轮全是划痕，鱼竿型号不对且更短,PDM,0,1,0,0,1,命中
8b41e34451a7b359ebae366d22e4abd4,1,"Simplesmente já esgotou o prazo de entrega do produto e o mesmo não foi entregue, além disso estou sem saber se vou receber ou não o produto ",已过送达期限仍未送达,,0,0,0,0,0,正确排除
836128c0637ca6a0c2dbe0c00cf19d99,1,Comprei um cartucho com especificações originais CANON e recebi um cartucho recarregado.,买的是原装佳能墨盒，收到的是再灌装墨盒,F,0,0,0,0,0,漏标
912a714073cf7bcaa2673fce2ec99d6f,2,"Foram compradas 2 cadeiras, porém entregue somente uma. O vendedor ficou de verificar e não retornou.",买两把椅子只送到一把,S,0,0,0,1,0,命中
2455cbeb73fd04b170ca2504662f95ce,1,Ainda quero o produtoq que comprei ou a lannister deve devolver meu dinheiro.,还想要商品，否则退款（未收到）,,0,0,0,0,0,正确排除
fedc929029b296446e7a6d15adef783f,3,Excelente Produto recomendo a todos do ML.,好产品，推荐,,0,0,0,0,0,正确排除
df466fb774f8f20a2cca22211d35b778,3,"Entregou dentro do prazo, e o produto correspondeu as minhas expectativas, muito lindo ficou ótimo na minha sala rs ",按时送达，符合预期,,0,0,0,0,0,正确排除
fca198bd1d114ed57b786f347a0e4a61,3,Bom.,还行,,0,0,0,0,0,正确排除
5e93017b6f1f803a8daebd361ac1f98f,2,acredito que seja problema nos correios,应该是邮局的问题,,0,0,0,0,0,正确排除
3d8f7ae6c3ba35a822e61acf337a4968,1,"paguei por um MOP giratório cod 7824 e entregaram mop cod 8210, de qualidade muito inferior . 
Quero cancelar compra.",买的是 7824 号拖把，送来 8210 号，质量差很多,M,0,1,0,0,0,命中
67a0e107b1c36e51a74327cf74080114,1,Produto totalmente diferente da foto do anúncio. Material de péssima qualidade. Aguardando contato da empresa para devolução. Até agora nada...,与广告图片完全不同，材质极差,MD,0,1,1,0,0,命中
e21965e5414f7e165a71649e68030100,1,"Não recebi meu produto , o prazo máximo de entrega foi dia 26/03/17 realizei a compra no dia 18/3 e até o momento não recebi nenhum posicionamento por parte da empresa , descaso total , indignada ",超过送达期限仍未收到，商家没有回应,,0,0,0,0,0,正确排除
832c7364e0bee77d8763a327983c1b8a,1,Veio faltando item e estou aguardando uma posição ,缺件，等待处理,S,0,0,0,1,0,命中
387ab69cd89bb3ed95402ff3d7f50b94,1, baixa qualilidade | Esperava q a mercadoria tivesse mais qualidade ...pessima qualidade...nao indico a ninguem....,质量很差，不推荐,D,0,1,0,0,0,命中
62ce4e3989a3477928510bb4d1064cc4,1,"Vendedor Sem Compromisso. | Comprei 3 plafons de led, 2 ralos inteligentes e 2 luminarias. Um dos ralos veio quebrado, comprometendo a funcionalidade do mesmo, e as 2 luminárias simplesmente não foram entregues. E ate agora nada",一个地漏坏了，两个灯没送到,DS,0,1,0,0,0,命中
cb76d29d166fc17f9cedf3416285a80c,1,"O produto veio sem nenhuma proteção, um plástico bolha, um papelão. Veio sem nada e a encomenda veio do Sul do país. Como chegaria ao Rio de Janeiro intacto?????? Impossível. Estou muito desapontada. ",商品没有任何保护包装,P,0,0,0,1,0,命中
320e6748fc08ae549af6b07874fe6149,3,"O produto esquenta bastante, instruções para instalação em inglês, tive dificuldades na instalação.",发热严重，说明书是英文，安装困难,D,0,0,0,0,0,漏标
b95ee76467f40a43ca737b18839d83d6,2,"lannister o parceiro fez a entrega do produto, evitando transtornos como ocorrido anteriormente.",商家完成送货（无具体投诉）,,0,0,0,0,0,正确排除
b49738aaa4978ffb2dd4efeb676c9de4,3,"Gostei do relógio e parece original, porém nao veio e a embalagem nao é a tradicional da casio e também nao veio certificado de garantia.
Vou entrar em contato com o vendedor e a lannister reclamand",手表像正品，但没有原厂包装和保修卡,S,0,0,0,0,0,漏标
5fc64d4205c6a465db774fa064e4107d,1,"entrega deficiente, a NT foi emitida em 31 de agosto e até a presente data (18.09.2017) eu não recebi o livro.",发票已开出，书一直没收到,,0,0,0,0,0,正确排除
e560cc6069dbeeb38995174a47c13674,3,"Foi a segunda vez comprando o mesmo produto, sendo que na primeira o produto foi extraviado pelos correios e na segunda houve problemas com erro de informação no rastreio.",第一次包裹丢失，第二次物流信息出错,,0,0,0,0,0,正确排除
fa086b521df2d133df67f2883eadad21,1,"Me informaram que ocorreu um problema na entrega, e até agora não entraram em contato comigo para esclarecer o que houve.
Até agora não recebi o produto.",送货出了问题，至今未收到，也没人联系,,0,0,0,0,0,正确排除
973099d5fd52c77163406f2eba72dfc6,1,Demora demais pra entregar,送货太慢,,0,0,0,0,0,正确排除
cd317fc34a4ea25ea8d1743f003712ac,2,"nao recebi o produto, o fortalecedor de unha o mavala gostaria de saber por que ",没收到指甲强化剂,,0,0,0,0,0,正确排除
4dd8dee86cb2c39cd3cbd25210a727e5,1,0 | Comprei 02 e entregaram 01 e com defeito. Não funciona ,买 2 件只送到 1 件，而且有缺陷不能用,SD,0,1,0,0,0,命中
f6ec769c796ea963843da58718ada694,1,Falta de informação | Não recebi informação sobre o produto que parecia estar perdido no transporte.,没有物流信息，似乎在运输中丢失,,0,0,0,0,0,正确排除
aa14b8f4567fef1be1a8912ca010f1c7,2,Falta um.produto | Não recebi a capa De sofá. Estou aguardando e não estou informada de quando virá,缺一件：沙发套没收到,S,0,0,0,1,0,命中
fd63edd3e877295ad1dbe1d2b76b640c,3,"tecido de baixa qualidade, esperava mais.",布料质量差,D,0,1,0,0,0,命中
1cfc85fa3b31428092f247f88bc965a8,1,"As compras que fiz no mesmo carrinho foram processaras de forma separada onerando o frete, uma das compras demorou demais para ser enviada e ainda não recebi o produto.",同一购物车被拆单、运费更贵，其中一件还没收到,,0,0,0,0,0,正确排除
51d52f115820f57bd947308b77f392db,1,não recomendo por que ate agora minha encomenda não chegou,包裹还没到,,0,0,0,0,0,正确排除
c7c6ca7db4f3b52d2fd70aeeb13d8e69,2,ainda nao chegou esta fora do prazo,还没到，已超期,,0,0,0,0,0,正确排除
4329e268690f8c53ef682851d4b16083,1,"Fiz uma compra na loja paguei pelo frete para receber o produto na minha casa, e não ter que pegar nos correios, se eu quisesse buscar o produto compraria em uma loja física",付了送货上门的运费，却要自己去邮局取,,0,0,0,0,0,正确排除
5dcaecab15d20be174a67f4f5392cd84,3,O produto foi entregue no prazo porém veio incorreto. Entrei em contato e eles vão providenciar a troca.,按时送到但商品不对，正在换货,M,0,0,0,0,0,漏标
e32049d31df0d952f7a6f6d8243b554a,3,"Bom  | Produto chegou em perfeito estado antes do prazo! 
A impressão do painel é um pouco fraca, diferente da foto. 
Os displays são iguais da foto. 
Tirando o painel um pouco embaçado eu indico. ",面板印刷偏淡，和图片不同,M,0,0,1,0,0,命中
394706e9971fea983907cd09aa349ed8,1,"Foi pedido um kit com 10 unidades e foi entregue 1 unidade , faltando 9 peças.",订了 10 件套只到 1 件，缺 9 件,S,0,0,0,1,0,命中
5eca24d683e367960eb71efa3fbad661,3,"Não recebi o produto completo, comprei quantidade 02 e recebi somente 01. e consta na nota da entrega tem quantidade 02 e com volume 01.
Quero receber a outra sem custo nenhum. Pois o erro não foi me",买 2 件只收到 1 件，发票写 2 件,S,0,0,0,1,0,命中
c462a724e0a22bbc88bdecbed3ca72c4,1,Nao recebi o produto,没收到商品,,0,0,0,0,0,正确排除
5a644293b3539f7e7876ab0b4536b320,3,Nota fiscal não enviada | O produto foi entregue. Porém não veio a nota fiscal. Como faço para ter recebê-la?,商品到了但没有发票,,0,0,0,0,0,正确排除
3828ca6e6450e317619b87f49eca6492,3,Houve falha nas informações sobre a venda.,销售信息有误（未说明具体问题）,,0,0,0,0,0,正确排除
b4d859fb4b08bfe5535ae5c37e658715,1,Gostaria de saber se ainda ira chegar ou se não vai vim ???,还会不会到？,,0,0,0,0,0,正确排除
9081eb59066e15ca372cbdf65b67c57e,2,A bateria interna da balança não funcionou e um dos pinos que sustenta o prato veio quebrado. Pedi para devolver o produto e estou aguardando um contato da stark.,电子秤内置电池不工作，托盘支撑销断了,D,0,1,0,0,0,命中
c97448e24a8f892f02dcf3089103346f,1,"produto veio com teclas não funcionando, solicitei devolução",按键失灵，已申请退货,D,0,1,0,0,0,命中
2a0c9271a9b5e2f5932bdcc2a0b89200,1,Produto Errado | Comprei o Kit e a película que veio é para o Iphone X e não para o Xperia X conforme descrito no produto.,贴膜是 iPhone X 用的，不是描述中的 Xperia X,M,0,0,1,0,0,命中
21f09bf30ca7f813ec079b4774e485ea,1,"Boa noite, o produto não funciona, e agora como resolvemos isto....",商品不能用,D,0,1,0,0,0,命中
673b85fc62a811fd9de6f499d5a4c9c4,3,Veio todos os produtos no prazo certo mais veio uma peça Errada...,按时送到，但有一个零件发错了,M,0,0,1,0,0,命中
f5f7452f238f50e76a6fc959df850def,3,NAO GOSTEI PORQUE VEIO AMASSADA,商品压扁了,D,0,1,0,0,0,命中
0f916489801ab47804cc7da10fe0dd6d,1,"estou no aguardo do restante da compra, veio somente 1 item",等剩下的货，只到了 1 件,S,0,0,0,1,0,命中
4382b7af38e2034ff26273519819f2d2,1,"Bom dia! Quero meu dinheiro de volta. Não vou mais querer o produto. Além de atrasado, já havia pedido o cancelamento do pedido e a americana está ignorando o mesmo. Agradeço providências.",延迟且取消申请被忽略，要求退款,,0,0,0,0,0,正确排除
a89ce8c685a2a028d1ad3ae1b5df18d6,3,Chegou no prazo e como eu esperava super recomendo ,按时送到，符合预期,,0,0,0,0,0,正确排除
8e3ab8811f9c3a04413aa4e14f84b872,1,Meu produto não chegou ,商品没到,,0,0,0,0,0,正确排除
028ad19261e3ad3406ca689348755456,1,mandei por e-mail a informação de que recebi a voltagem errada e NINGUÉM ME DEU RETORNO. Inclusive enviei um numero de celular mas infelizmente a empresa não retornou.,收到的电压规格不对，没人回复,M,0,0,1,0,0,命中
3824a5d087901938c0b9f72f6008bd6c,3,recebi no prazo porem a Cor veio diferente ao do anuncio,颜色与广告不同,M,0,0,1,0,0,命中
061cafafafb36839a8ee7cf19ab807c6,1,RECEBI O PRODUTO AVARIADO E ATÉ O MOMENTO NÃO FOI TROCADO,收到的商品损坏，至今未换,D,0,1,0,0,0,命中
231acde8e06eda65e8b7d6b04bc7260b,3,"Chegou no prazo, porém amassada! Muito amassada! Como foi enviado pelo correio, não tivemos como devolver. Chegou fora de embalagem, embalado em plástico e papel.
Espero que me contatem! ",商品压得很扁，没有原包装，只用塑料和纸包着,DP,0,1,0,0,0,命中
6e00490e8e97e8522f6f3b2d440ec3de,3,Só pediria que na foto parecesse que na alça tem plástico para segurar. Pois confesso que não gostei dessa parte. ,图片没体现提手的塑料部分，不喜欢,M,0,0,0,0,0,漏标
d34b43bca6cc1cb6d49c06d6090770eb,1,não quero avaliar! | quero receber mminha compra,不想评价，只想收到货,,0,0,0,0,0,正确排除
dc072bc7f25f21ccf376b9aa0150b114,3,"ficou pequena, apertada",尺码偏小、太紧,M,0,0,1,0,0,命中
0d370d75f8fb57f4a7a8c9fc64d2a855,1,"Ainda nao recebi a encomenda. Nao consigo uma posição pelo rasteamento da loja.
",还没收到，查不到物流,,0,0,0,0,0,正确排除
32bcd8b7a5501464ffa9586eb4794f53,1,"uma vergonha de atrazo desmarcaram a entrega varias vezes e nao me entragrao nada e nem deram nenhuma satisfação. to toltalmente arrependida de ter comprado, e pretendo nunca mais comprar nada no site",多次改期派送，最终没送到,,0,0,0,0,0,正确排除
208d2f562248053cf12d13a00b6777fb,1,"Cadê meu produto????????? | Quero saber quando receberei o produto comprado? Da última vez que olhei nos Correios, ele tinha sido enviado para a região Sul, sendo que eu moro em Salvador! ",商品被错发往南部地区，还没到,,0,0,0,0,0,正确排除
4ae136c7611e6052ec06035442490f24,1,Ola estou muito descontente com o serviço o produto e de pequeno porte e ate momento n chegou na minha casa já comprei objetos de maior valores e nunca tive problema já este,小件商品至今没到,,0,0,0,0,0,正确排除
4ca4a1922b582950b25cce6e7ef34315,1,"Eu recebi as essências, mas está faltando o Kit Colágeno hidrolisado. No site e por e-mail esta dizendo que foi recebido juntos. Só que ainda aguardo os colágenos.",收到精油，但缺胶原蛋白套装,S,0,0,0,1,0,命中
d1bf35d75370a60c682bef1964a52443,1,Não recomendo. ,不推荐（未说明原因）,,0,0,0,0,0,正确排除
e21a100114f52ef8f28601cf741b3ca4,2,Fiz um pedido com dois perfumes mas so foi entregue um produto,两瓶香水只到一瓶,S,0,0,0,0,0,漏标
e9e4f6c97c6b2d1844e0ab40e5c3a9d6,2,"A base da cadeira veio quebrada. Podem me mandar outra base?
Fiquei aborrecido nem quero comprar mais pela internet
",椅子底座是坏的,D,0,1,0,0,0,命中
6d7195bd775441e75af3f52c8c73031f,3,Ao fazer a compra do kit entendi que receberia 2 frascos de 60 cápsulas (cada) e não 2 frascos com 60 cápsulas no total. Só não vou devolver porque estou precisando do produto.,以为是 2 瓶各 60 粒，实际两瓶共 60 粒,M,0,0,0,0,0,漏标
df5b1e6edf6451c6cd99e167739d9d56,2,Melhorar sempre  | Melhorar o atendimento sempre ,服务需要改进,,0,0,0,0,0,正确排除
0f6c56738e9a7a30c78b735a231d3f56,3,Entrega Parcial | Recebei apenas um dos dois produtos. o Rolo de liberação miofascial não foi entregue.,两件只收到一件，按摩滚轴没到,S,0,0,0,1,0,命中
cc5161712eb3121670b819908ada7032,1,"O produto foi entregue somente a metade,comprei dois rolos de papel de parede e foi entregue somente um rolo.",只送到一半：2 卷墙纸只到 1 卷,S,0,0,0,1,0,命中
802ee584365ed44c00f4207fb17ae67b,3,bom,好,,0,0,0,0,0,正确排除
ca6a7dfbbaebac08df32693f6e6c95a1,1,Ainda não recebi o produto. Estou aguardando.,还没收到，在等,,0,0,0,0,0,正确排除
ec88ef2191b5e44c70cd7fc05d9b5e95,2,***** | produto bom minha filha amou,商品好，女儿很喜欢,,0,0,0,0,0,正确排除
9bdf94af058f959fbc09c3ea1eb32465,1,"Mais um vez veio faltando o item Kit Flor Artificial Orquídea Chuva De Ouro 10 Unidades 	Vendido e entregue por targaryen 	Qtd 1 
",又一次缺了人造兰花套装,S,0,0,0,1,0,命中
0209ef2fa3cce5eb798c98f5b6142849,1,"produto entrega na data, mas veio errado, aguardando a solução ",按时送到，但商品发错了,M,0,0,1,0,0,命中
1c3a07f6d5470538c2bbed1275e785b3,1,"PRECISO RESOLVER A SITUAÇÃO. ME ENTREGARAM UM PRODUTO ERRADO, JÁ ENVIEI E-MAIL E ATÉ HOJE NADA DE RESPOSTA.",送错了商品，发邮件无人回复,M,0,0,1,0,0,命中
cec9f2d01230a5ec8b92b222bdcb3c41,3,faltou uma peca na cadeira,椅子少了一个零件,S,0,0,0,1,0,命中
3794a8409797f2c05b177f54e4105c69,1,"Produto incorreto | O produto comprado não foi o recebido,estarei entrando em ctt com o vendedor.",收到的不是购买的商品,M,0,0,0,0,0,漏标
a9eec2aaf2814129ba011047ae8484b6,2,Me deram dois prazos de entrega e não foi cumprido nenhum dos dois! ,两次承诺的送达时间都没做到,,0,0,0,0,0,正确排除
afc652a59f20b96fbf7c8e5bb1a6c1f1,1,Não foi entregue até o momento .,至今未送达,,0,0,0,0,0,正确排除
484bc55c468ac3e8d5ca1ab45b24ff99,3,"Jogo de lençol | O anúncio deixou de trazer informação sobre o tecido, dando a impressão de que era 100% algodão, por se tratar de percal. Na realidade, era somente 80% algodão. Também não dizia de quantas peças era.",广告没写面料，看似 100% 棉，实为 80% 棉，也没写几件套,M,0,0,0,0,0,漏标
6f56d701fdaa7fc3575ddda3bed5fbbb,1,"O que me incomoda nessa compra é a demora na entrega do produto. Sou cliente lannister a muito tempo e sempre satisfeita com a compra, mas infelizmente, as últimas compras não recebi .",送货慢，最近几单都没收到,,0,0,0,0,0,正确排除
e18be83c4a3b99b4eab98b64ae5bee5b,1,Consta no site que o meu pedido já foi entregue porém não recebi favor verificar os dados da pessoa que recebeu e me retornar com urgência pois vou atrás do meu direito como consumidor.aguardo retorno,显示已签收但没收到,,0,0,0,0,0,正确排除
92c5a4ffbd45ee732be3e4ba2e1d476c,1,Comprei uma colcha e veio um lençol com elástico - propaganda enganosa!,买的是床罩，送来松紧床笠，虚假宣传,M,0,0,1,0,0,命中
99121a6a19faf88462f8fe83aeecb844,2,"O que era para ser o presente de natal, chegou depois de reis.",圣诞礼物三王节后才到,,0,0,0,0,0,正确排除
14363bf0e98e4ac853c49e2e1b316014,1,01 | Não entregaram o pedido,没有送达,,0,0,0,0,0,正确排除
f83c27b5d5d61505da0a4ce01db3dfd3,1,"produto com defeito | estou desde o dia 22 tentando resolver o problema do produto ter vindo com defeito, mas só me atendem no atendimento eletrônico.",商品有缺陷，只能找到电子客服,D,0,1,0,0,0,命中
07723291efda5721921a779f58cd3946,3,"Cor amarela bonita, simples e sofisticado, mas a lâmpada leva alguns longos segundos para acender totalmente, e às vezes falha, tendo que religar. Espero que não queime logo. Não recomendo pelo risco.",灯要很久才亮，有时不亮要重开,D,0,0,0,0,0,漏标
05ed121680df9ec2f89d4dc29310333a,1,Muita demora do pedido.,送货太慢,,0,0,0,0,0,正确排除
20aac17e27ac5fb3ebbf44a26b0e2d3c,3,Dizia de 3 a 5 dias uteis após aprovação pgto contei 5 dias uteis comprei dia 4 sábado tinha esperança entrega antes contei de segunda a sexta recebi dia 13. ,承诺 3-5 个工作日，实际更晚,,0,0,0,0,0,正确排除
6414e4e32a19c462fab11da3e3a03ac4,3,MUITO BOM PRODUTO EU GOSTEI,很好，喜欢,,0,0,0,0,0,正确排除
08fb515ec54c34ca06b1e2268acc429c,3,"Os produtos foram entregues no prazo, porém dois produtos tiveram a cor e o modelo alterados!",两件商品的颜色和型号被换了,M,0,0,0,0,0,漏标
947c4f07e94867a7344550a2b9969c13,1,Sinceramente eu não recomendaria porque meu produto chegou só a metade cadê a empresária nada sexy da autora Deby Incour? Só mudarei minha opinião quando estiver com esse livro,只到了一半，还有一本书没到,S,0,0,0,1,0,命中
78420988bdc7bf4dac19e4fe4ccdbd6a,3,Autenticidade  | O vendedor poderia especificar que o relógio se trata de uma réplica. Nem a embalagem me agradou. ,卖家应说明手表是仿品，包装也不满意,F,1,0,0,0,0,命中
8c577c6dd5361221832cf0977af2977c,3,Atendeu às expectativas,符合预期,,0,0,0,0,0,正确排除
e099addc2ac0e7bfa3f4e976fca59f99,2,Gostaria de saber se o relógio é a prova d'água...,咨询手表是否防水,,0,0,0,0,0,正确排除
e107625561f106fc1d9acae20a7cb794,3,"Informação Conflitante ,queria comprar Fone De Ouvido Headphone Sem Fio de um valor superior porem o vendedor não entregava na minha cidade,de um valor menor vendeu e entregou .Como assim? ",销售信息矛盾：贵的耳机不配送，便宜的能送,,0,0,0,0,0,正确排除
019aaee09698daf81dcffe9d94a18b5c,2,"tudo correu bem com a loja e com a entrega mas o produto não funcionou, vou devolver",商品不能用，要退货,D,0,1,0,0,0,命中
a797f338da66eefca816db5328d5e5ab,1,Eu encomendei 3 e veio só 2 tô esperando.quando chegar tudo eu avalio de novo,订 3 件只到 2 件,S,0,0,0,1,0,命中
13bad9a229ea7c04888ada5c6c971c28,1,Não recebi meu pedido | a greve é dos caminhoneiros e não do Correios odiei,没收到，卡车司机罢工,,0,0,0,0,0,正确排除
f5e8dd6f3cfc89bc152991875437aaa2,1,"Fiz a compra de 2 unidades do produto porém apenas 1 foi entregue. A empresa indicou que fez 100% da entrega.
Ainda aguardo o recebimento.",买 2 件只到 1 件，商家却显示全部送达,S,0,0,0,1,0,命中
be70a6a2c7e50ca21ec40bbacd429e5c,2,"Fiz uma compra em um so pedido de uma TV e um cabo hdmi e vieram separados na entrega. Tv chegou 1° e cabo depois de 4 dias, não adiantou eu comprar junto.",电视和 HDMI 线分开送，线晚到 4 天,,0,0,0,0,0,正确排除
6022868452d819974c3e98f769a70944,3,"Muito bonita, amei recomendo.",很漂亮，推荐,,0,0,0,0,0,正确排除
05c8ada178f3ab074886530731749bd5,1,"Produto com embalagem inadequada, parte central do espremedor chegou amassado.",包装不当，榨汁机中间部件压扁,PD,0,1,0,0,0,命中
e1872a0261b0767b2c8a63400bfe505a,2,Eu comprei 2 unidades do papel de parede. Mas só Chegou 1 rolo. Como resolver essa situação m,买 2 卷墙纸只到 1 卷,S,0,0,0,1,0,命中
9ce991aaccb4817cc0ca0b4edb5c5ff1,2,Bonito,好看,,0,0,0,0,0,正确排除
9ffe2ecd67ea09ead5b860aa81182fd7,1,"Recebi duas cortinas , esta faltando uma ",窗帘少了一个,S,0,0,0,1,0,命中
62db7b956ff0a1fd095d1d2bce81b8f8,1,O produto que me enviaram nem se parece com que eu comprei.,寄来的东西和买的完全不像,M,0,0,0,0,0,漏标
1fe7be398f57b2c40691376b673de1bb,1,"Ainda não recebi o produto, apesar de constar no site como entregue. ",显示已签收但没收到,,0,0,0,0,0,正确排除
bd73b77940b4755971250ad4a3cd95b8,3,boa,好,,0,0,0,0,0,正确排除
da0686c22c00de36d95422798bdd9cde,1,Produto está até hoje na unidade do correio em Cajamar e não chegou em minha casa. Estraviou?,包裹停在邮局网点，怀疑丢失,,0,0,0,0,0,正确排除
6105321bd9c6d494502e32dd1d28c53d,1,"pedi um produto e no lugar veio outro responsavel ficou de enviar p correto, estou aguardando",下单的是 A，送来的是 B，等补发,M,0,0,1,0,0,命中
edf0616bd376b3416b676c10dffad049,1,Até agora esperando chegar e nada solicito um esclarecimento e resolução o prazo de entrega expirou preciso do produto urgente,已超期仍未收到,,0,0,0,0,0,正确排除
82fae4d3818a5f80851df0cc8c94aa7e,1,"Faltou item descrito
Me ligue 34 99978 4951",缺少描述中的物品,S,0,0,0,1,0,命中
81e04a215f5131c83423eb5d8d21a9a1,3,entregar dentro do prazo combinado.,（要求）在约定期限内送达,,0,0,0,0,0,正确排除
a00afe395584af6a6a6fcddd256c8c7f,3,"Comprei uma arara de roupas e quando eu acompanho o pedido fala q foi entregue dia 11, mas eu ainda não recebi ",显示 11 号签收但没收到衣架,,0,0,0,0,0,正确排除
76a948cd55bf22799753720d4545dd2d,1,SIMPLESMENTE NÃO RECEBI O PRODUTO.,没收到商品,,0,0,0,0,0,正确排除
beaa70f158221aa1ca0d8a5545b97569,2,Não recomendo porque comprei um forno e dois dias depois fiz devolução porque queria uma outra marca. Até agora não tive ressarcimento do valor pago,退货后迟迟没有退款,,0,0,1,0,0,误标
3ad043d1c1455d9bfce6c14877cac318,1,Não compraria novamente e nem recomendo a ninguém. Comprei o baú considerando a previsão de entrega antes do Natal e até a presente data não recebi o pedido.,圣诞前应到，至今未到,,0,0,0,0,0,正确排除
b9b862b71dd3a13f37bbb72f2addc949,3,Muito bom!  | Ainda não utilizei o produto. Mas recebi o produto conforme meu pedido e antes do prazo. ,很好，按订单收到,,0,0,0,0,0,正确排除
5ab1b7017955abafee1aaf11eb8a8105,3,"Apesar da entrega dentro do prazo, o tempo é longo comparando-se anoutras compras que costumo fazer via internet",在期限内送达，但比其他网购慢,,0,0,0,0,0,正确排除
6e5fc24bede0e47389f2042dc5f8473f,1,"pRODUTO SIMPLES | NÃO SEI SE CRIEI MUITAS EXPECTATIVAS, MAS ACHEI O PRODUTO SIMPLES.",商品很简陋（可能期望过高）,D,0,0,0,0,0,漏标
1354de899c7420bbaa9d9484c79c862c,1,"Comprei uma pipoqueira e um aspirador 13/02 foram entregues hoje meu relogio comprei no mrsmo dia nessa mesma loja E Clock está com dificuldades na entrega.
Não sei que dificuldade e essa",同店其他商品到了，手表还在配送,,0,0,0,0,0,正确排除
0690b2d9b983cf580f407531575622c5,1,"Ainda não recebi  | não chegou ainda a encomenda, o motivo deve ser o correio!",还没收到，可能是邮局原因,,0,0,0,0,0,正确排除
1b900d4d10e97580eee435e3474110c8,3,Ruim | Pedindo cancelamento na mesma hora da compra e insistiram em entregar. Neguei o recebimento do correio e devolvi.,下单后立即取消仍被发货，已拒收,,0,0,0,0,0,正确排除
2773c71324d727606cc71501a1de8afc,1,falta de comprometimento com o prazo,不守时,,0,0,0,0,0,正确排除
6e9afd04e254b0327d16cc95cfe3270c,1,Não recebi e ninguém me ligou. Falei por msg.e ninguém me respondeu ,没收到，也没人回复,,0,0,0,0,0,正确排除
033c0d8e5bce8110d7900e088c75389d,1,"arrependimento | Solicitei o cancelamento antes da entrega, quero exercer meu direito de arrependimento, devolver o produto e receber meu dinheiro de volta. O site da stark dificulta o processo e não SAC",签收前已申请取消，想退货退款，流程难,,0,0,0,0,0,正确排除
8bf34e270470d172db01882f498e9162,1,Houve avaria na embalagem. O produto foi para outro destino antes deste. A foto do produto não confere com o que recebi. O produto parece funcionar. Ainda não encontrei um aplicativo para testar,外包装破损，商品与图片不符（似乎能用）,PM,0,0,1,0,0,命中
d4236cd9c71d25ffcca42552d55db6f3,2,"Não foi entregue! | Comprei 3 cabos RCA + 1 suporte de celular.
Só me foi entregue 1 cabo RCA.",买 3 根 RCA 线 + 1 个支架，只到 1 根线,S,0,0,0,0,0,漏标
bbe32ce108f0fa16e209fbaee6005f2b,1,"Não comprem esse produto, muito mal acabado, veio acabamento com furos no pé da cadeira, acabamento das costas com furos errados e mal cortado alem da fragilidade do encosto. Não Recomendo.",做工很差：椅脚有孔、靠背孔位错、切割粗糙、不结实,D,0,1,1,0,0,命中
33c72b5830923cd768fa76c738f6d402,1,"Não gostei! | o suporte pra grelha é bem mais fino e frágil, a cuba tem várias marcas de solda em diversos pontos o que dá aparência de um produto feito em um ferro velho. ",烤架支撑又细又脆，槽体到处是焊痕,D,0,1,0,0,0,命中
98889198028c9110a7e574e3969b96cd,1,"FALTA  | foram comprados 2 itens
CACHEPOT - RECEBIDO
BUXINHO - NAO RECEBI
",买了 2 件，收到小盆栽，没收到花盆套,S,0,0,0,0,0,漏标
ebadd982d8263f974539943515e541d2,2,Não parece original.  | O produto que recebi é totalmente diferente a capa do que vende diretamente em um loja de livraria. A capa é bem fraca. Porem o impresso é bom. ,看起来不是正版，封面和书店卖的完全不同,F,1,0,1,0,0,命中
7731a91dd46b3556ca99d3b3c34373ef,1,"Perfumes | Comprei dois perfumes, o Tommy Hilfiger recebi caixa lacrada parece ok, mas o perfume da Gabriela Sabatini a caixa está sem lacre e tem etiqueta auto adesiva fundo do frasco lado externo. Será falso??",一瓶香水盒子没封条、瓶底贴了标签，怀疑是假货,F,0,0,0,0,0,漏标
6b5c76c2c9615b42e0c2b7efb11b60d7,3,"o produto chegou certinho, porém não veio os parafusos e presilhas para realizar a montagem. Eu tive que comprar à parte para terminar a montagem.",缺少安装用的螺丝和卡扣，只好另买,S,0,0,0,0,0,漏标
cb589c751e6f002a96214f3a5c9284d4,3,O forro interno é frágil e todo manchado de tinta o suporte de controle tem grandes falhas na pintura interna,内衬脆弱且满是墨渍，支架内部喷漆有大缺陷,D,0,1,0,0,0,命中
761de39b98af23c2f3b771461e2c5e2c,3,Infelizmente o cartucho não deu na impressora canon mg3510,墨盒用不了佳能 MG3510 打印机,M,0,0,0,0,0,漏标
f0ea1a5c37278e95cbd4d8684c999341,1,Levou quase um mês para chegar um cartucho de tinta que é de uso contínuo,一个墨盒近一个月才到,,0,0,0,0,0,正确排除
003324c70b19a16798817b2b3640e721,1,Comprei duas mochilas e recebi somente um produto é o valor vocês estão cobrando de dois produtos queto devolução do produto é meu ressarcimento,买两个背包只收到一个，却按两个收费,S,0,0,0,1,0,命中
2306aeccf5b70ab26762993fdf2f37b9,2,"Não veio poa como eu pedi , veio todo vermelho . ",要的是波点款，来的是全红色,M,0,0,0,0,0,漏标
a21f94aa35415aa7bd905a21f468e688,1,Fiz o pedido em Novembro. Já foi descontado no cartão de crédito e não recebi. Não recebi um email justificando a demora. Falta de compromisso com os clientes. Odiei a experiência.,11 月下单已扣款，至今未收到,,0,0,0,0,0,正确排除
c0199e1948471c7a3067b98fa16d16c5,3,Entrega foi rapida,送货很快,,0,0,0,0,0,正确排除
40237bfdaa849b45bb6dc75be63c3abf,1,Estou esperando meu produto que não chega está atrasado e não consigo falar com responsável...,在等货，延迟，联系不上,,0,0,0,0,0,正确排除
5e4c365dd3cf7769a88981f408d069d3,1,"Acho um absurdo comprar um produto que diz estar disponível e não recebê-lo !!! Verifiquem por favor, pois não é a primeira vez que acontece. Exijo uma resposta convincente!!! Aguardo contato urgente!",显示有货却收不到,,0,0,0,0,0,正确排除
a75f828f8272cec810f1fc3ec8e88964,1,Era para ser entregue dia 9/03 e ate o momento nao chegou ainda o meu pedido.,应 3 月 9 日送达，至今未到,,0,0,0,0,0,正确排除
9c7420176504e0322420860db10766e4,1,"Estou esperando me entregarem a outra parte da encomenda, visto que so recebi uma parte",只收到一部分，在等另一部分,S,0,0,0,1,0,命中
5f67873cb4b18c98b9f2015eaae0a752,1,"A luva veio muito grande e não é igual da foto, pedi tamanho 12oz e parece que veio 14oz
",拳套太大，与图片不符（要 12oz 像是 14oz）,M,0,0,1,0,0,命中
3791546188451960cd4606d482b3658e,1,"A entrega foi feita corretamente, dentro do prazo estimado, porem o poduto é de baixíssima qualidade. Nao vale a pena!",按时送达，但质量极差,D,0,1,0,0,0,命中
873d4128c75191d026aa58258ea7a5f8,1,Comprei dois e recebi apenas um.,买两个只收到一个,S,0,0,0,1,0,命中
0a4c05d2e1ae812a342af2f5c9a34b36,2,"regulart | era para ser entregue 4 produtos tres e depois mais um, so foi entregue dois produtos",应送 4 件，只到了 2 件,S,0,0,0,0,0,漏标
48a2f7e1d2c08321278f947050d5a1d4,3,"Bom, recebi o produto de forma incompleta, veio faltando o urso mini , apesar dele constar na nota fiscal recebida. No entanto, recomendo a loja, pois sei que foi uma falha que pode ser corrigida. ",缺了小熊，但发票上有,S,0,0,0,1,0,命中
0da3d957e0cb653342e21f6dc6eaabea,3,Satisfeita,满意,,0,0,0,0,0,正确排除
ed657707e074ec97427d985ed5c4d21f,1,Faltando produto | Veio faltando uma cadeira ,少了一把椅子,S,0,0,0,1,0,命中
bffbc9914c0ed565820a4cf5b205b0d5,1,Veio avariado e já pedi a troca ou cancelamento. Podem ajudar ? Obrigado ,商品损坏，已申请换货或取消,D,0,1,0,0,0,命中
de1f470a407aead094cd885293ea9ba1,1,"Comprei um tapete de 2X2.5 e recebi um de 2X1.5. Nas lannister não há a opcao de troca do produto errado, só ressarcir no cartão ou trocar por vale. No site havia ainda anúncio do que comprei. ",买 2×2.5 米地毯，收到 2×1.5 米,M,0,0,1,0,0,命中
555bdeeec0ae00faeb547748b9e58ec6,1,Infelizmente ainda não recebe o produto,还没收到,,0,0,0,0,0,正确排除
80549ebc0ab692a2a0c6837f2292b7b4,3,"Produto bonito, porém poderia vim com as baterias e as pilhas.",好看，但希望附带电池,,0,0,0,0,0,正确排除
88d0690c4598321b6166f806c2da7034,2,Razoável ,一般,,0,0,0,0,0,正确排除
25a93076658202368073fb3697a3f4ef,3,"Troca / devolução | a experiência de compra on-line e a entrega foram boas, porém o produto não atendeu às expectativas e estou tendo dificuldades com a troca /devolução.",商品没达到预期，退换货困难（未说明具体问题）,,0,0,0,0,0,正确排除
11a9088002b4fdb9c21827b2b585dcf7,3,"Entrega faltando produto | Eu comprei dois produtos, um adesivo de parede e um estoscopio, só recebi um produto, o esto, falta o adesivo e está constando como recebi no site",买贴纸和听诊器，只收到听诊器,S,0,0,0,1,0,命中
64108ebb55ecc7f1a9a4477c5b0624f4,3,"Frete | Achei o frete muito caro, pois fiz duas compras conjuntas.",运费太贵,,0,0,0,0,0,正确排除
7e2f198c10c1ac5ad206ebcdb1f18861,1,Preciso que faça estorno  | Preciso que faça estorno. O produto veio cheiro de queimado e não funciona ,有烧焦味且不能用，要退款,D,0,1,0,0,0,命中
65c470b5a3afad5b2af39828131e3e8c,2,ok,ok,,0,0,0,0,0,正确排除
28fef81ab1df2696fb04a5353d4ad79b,3,"Entrega parcial | A entrega do suporte foi ótima, muito rápida, pena que a TV ainda não foi entregue e eu não tenho o que fazer com o suporte sem a TV. Espero que nas próximas compras entreguem tudo junto",部分到货：支架到了，电视没到,S,0,0,0,1,0,命中
9d9963c450921c5db41bfa4095ea57ba,1,Eu não recebi o peoduto,没收到商品,,0,0,0,0,0,正确排除
608423eb49f078b0c2095dbdbe03c210,1,Não recomendo | O produto chegou sem problemas. Mas ele não é o que esta sendo dito. Sua tabela nutricional é enganosa e o produto adulterado! Não é whey protein isolado!,营养成分表误导，产品掺假，不是分离乳清蛋白,FM,0,0,1,0,0,命中
a2e99a88e70a8ad5a4cf5dd2c13aff8f,1,"O meu pedido foi entregue pela metade!!
Absurdo! Fora que já tive outro pedido de outra loja como entregue e até agora não recebi!!!
E não tenho posição nenhuma!! Alguém ficou com meu produto! ",订单只送到一半,S,0,0,0,0,0,漏标
36a179cea5792575e6b9682f13e44287,3,Estar faltando receber o escanear automotivo.,还缺汽车诊断仪没收到,S,0,0,0,1,0,命中
fade3e37b5640d2582de9aacb77f9758,2,"Entrega feita no prazo, porém o produto entregue não foi o comprado. Estou tentando resolver a situação.",按时送到，但不是购买的商品,M,0,0,0,0,0,漏标
e3a641fa10d7f975e743158d69c10ddd,1,"novamente propaganda enganosa! comprei tesouras de outro modelo, outra cor, é o fim da irresponsabilidade tercerizar empresas onde não tem controle nenhum, é um desrespeito isso.",虚假宣传：剪刀型号和颜色都不对,M,0,0,1,0,0,命中
25b951c1d074042d59f6545470172015,2,o produto é caro e pouco atrativo,商品贵且不吸引人,,0,0,0,0,0,正确排除
67228f8fd24ee1eaa3f42b406c2339e7,1,"Não recebi o produto até hoje, espero que seja resolvido o meu problema.",至今未收到,,0,0,0,0,0,正确排除
