purchase_month,order_cnt,delivered_cnt,qc_cnt,gmv,qc_rate,defect_rate,mismatch_rate,missing_rate,fake_rate,package_rate,bad_rate,five_star_rate,avg_score,qc_share_of_bad,ship_overdue_rate,on_time_rate,avg_delivery_days,cancel_rate,unavailable_rate,fulfill_complaint_rate,qc_rate_mom_pp,bad_rate_mom_pp,order_mom
2017-01,800,750,36,120312.87,0.0480,0.0213,0.0133,0.0160,0.0013,0.0027,0.1557,0.5797,4.062,0.2927,0.2232,0.9707,12.64,0.0163,0.0125,0.0550,,,
2017-02,1780,1653,68,247303.02,0.0411,0.0194,0.0133,0.0115,0.0012,0.0018,0.1618,0.5600,4.016,0.2378,0.1774,0.9704,13.18,0.0348,0.0253,0.0612,-0.0069,0.0061,1.2250
2017-03,2682,2546,118,374344.30,0.0463,0.0204,0.0110,0.0149,0.0016,0.0020,0.1417,0.5641,4.074,0.3130,0.0679,0.9544,12.95,0.0242,0.0119,0.0496,0.0052,-0.0201,0.5067
2017-04,2404,2303,80,359927.23,0.0347,0.0117,0.0096,0.0152,0.0004,0.0017,0.1546,0.5534,4.044,0.2168,0.0727,0.9344,14.92,0.0112,0.0037,0.0549,-0.0116,0.0129,-0.1037
2017-05,3700,3545,133,506071.14,0.0375,0.0138,0.0118,0.0118,0.0023,0.0011,0.1277,0.5832,4.140,0.2842,0.0733,0.9701,11.32,0.0162,0.0084,0.0378,0.0028,-0.0269,0.5391
2017-06,3245,3135,144,433038.60,0.0459,0.0182,0.0150,0.0131,0.0016,0.0010,0.1274,0.5879,4.147,0.3512,0.0795,0.9697,12.01,0.0123,0.0074,0.0373,0.0084,-0.0003,-0.1230
2017-07,4026,3872,159,498031.48,0.0411,0.0147,0.0129,0.0152,0.0008,0.0010,0.1221,0.5955,4.176,0.3265,0.0784,0.9721,11.61,0.0199,0.0129,0.0330,-0.0048,-0.0053,0.2407
2017-08,4331,4193,165,573971.68,0.0394,0.0176,0.0114,0.0122,0.0017,0.0010,0.1135,0.6196,4.239,0.3381,0.0683,0.9709,11.15,0.0136,0.0074,0.0312,-0.0017,-0.0086,0.0758
2017-09,4285,4150,169,624401.69,0.0407,0.0130,0.0118,0.0186,0.0012,0.0007,0.1244,0.6039,4.188,0.3195,0.0717,0.9561,11.85,0.0135,0.0089,0.0371,0.0013,0.0109,-0.0106
2017-10,4631,4478,207,664219.43,0.0462,0.0152,0.0132,0.0190,0.0004,0.0011,0.1324,0.5789,4.123,0.3405,0.0785,0.9582,11.86,0.0181,0.0125,0.0406,0.0055,0.0080,0.0807
2017-11,7544,7288,332,1010271.37,0.0456,0.0117,0.0111,0.0233,0.0008,0.0008,0.1877,0.5290,3.911,0.2365,0.1288,0.8760,15.16,0.0160,0.0111,0.0725,-0.0006,0.0553,0.6290
2017-12,5673,5513,260,743914.17,0.0472,0.0158,0.0118,0.0201,0.0018,0.0022,0.1639,0.5542,4.018,0.2826,0.1090,0.9254,15.39,0.0093,0.0074,0.0596,0.0016,-0.0238,-0.2480
2018-01,7269,7069,351,950030.36,0.0497,0.0149,0.0147,0.0201,0.0028,0.0017,0.1551,0.5655,4.041,0.3142,0.1024,0.9430,14.08,0.0113,0.0066,0.0590,0.0025,-0.0088,0.2813
2018-02,6728,6555,344,844178.71,0.0525,0.0165,0.0145,0.0224,0.0015,0.0011,0.2089,0.5084,3.826,0.2468,0.1227,0.8587,16.95,0.0153,0.0045,0.0867,0.0028,0.0538,-0.0744
2018-03,7211,7003,348,983213.44,0.0497,0.0143,0.0144,0.0206,0.0020,0.0016,0.2279,0.4908,3.753,0.2136,0.0852,0.8104,16.30,0.0060,0.0024,0.1022,-0.0028,0.0190,0.0718
2018-04,6939,6798,336,996647.75,0.0494,0.0169,0.0140,0.0206,0.0015,0.0012,0.1299,0.5947,4.162,0.3758,0.0597,0.9550,11.50,0.0029,0.0007,0.0463,-0.0003,-0.0980,-0.0377
2018-05,6873,6749,347,996517.68,0.0514,0.0173,0.0190,0.0175,0.0019,0.0010,0.1190,0.6067,4.194,0.4263,0.0659,0.9344,11.43,0.0058,0.0023,0.0470,0.0020,-0.0109,-0.0095
2018-06,6167,6096,328,865124.31,0.0538,0.0176,0.0180,0.0205,0.0016,0.0015,0.1078,0.6391,4.277,0.4955,0.0679,0.9884,9.24,0.0036,0.0006,0.0287,0.0024,-0.0112,-0.1027
2018-07,6292,6156,308,895507.22,0.0500,0.0149,0.0198,0.0149,0.0042,0.0010,0.1111,0.6406,4.263,0.4438,0.0891,0.9662,8.97,0.0094,0.0029,0.0353,-0.0038,0.0033,0.0203
2018-08,6512,6351,277,854686.33,0.0436,0.0153,0.0143,0.0151,0.0020,0.0005,0.1093,0.6290,4.256,0.3907,0.0913,0.9381,7.74,0.0140,0.0011,0.0401,-0.0064,-0.0018,0.0350
