category_l1,category_cn,order_cnt,gmv,delivered_cnt,review_cnt,bad_cnt,qc_cnt,qc_defect_cnt,qc_mismatch_cnt,qc_missing_cnt,qc_fake_cnt,late_cnt,qc_rate,defect_rate,mismatch_rate,missing_rate,bad_rate,late_rate,qc_share,order_share,qc_rate_rank
图书文娱,乐器,625,191652.95,608,619,80,23,9,10,4,1,46,0.0378,0.0148,0.0164,0.0066,0.1292,0.0757,0.0054,0.0067,23
家居家纺,办公家具,1264,273630.06,1245,1255,281,134,55,27,72,0,101,0.1076,0.0442,0.0217,0.0578,0.2239,0.0811,0.0314,0.0136,1
汽配工具,园艺工具,3464,481226.52,3395,3443,446,154,47,24,85,0,225,0.0454,0.0138,0.0071,0.0250,0.1295,0.0663,0.0361,0.0371,17
图书文娱,大众图书,508,46750.38,492,504,41,4,1,1,2,0,32,0.0081,0.0020,0.0020,0.0041,0.0813,0.0650,0.0009,0.0054,32
母婴玩具,婴童用品,2826,410824.87,2752,2802,433,131,33,48,56,0,224,0.0476,0.0120,0.0174,0.0203,0.1545,0.0814,0.0307,0.0301,16
宠物,宠物用品,1700,213887.16,1678,1691,196,67,15,26,32,0,85,0.0399,0.0089,0.0155,0.0191,0.1159,0.0507,0.0157,0.0184,21
家居家纺,客厅家具,417,69665.13,409,412,62,25,12,4,10,0,31,0.0611,0.0293,0.0098,0.0244,0.1505,0.0758,0.0059,0.0045,7
家居家纺,家具软装,6279,721787.13,6140,6230,1006,360,106,93,179,1,448,0.0586,0.0173,0.0151,0.0292,0.1615,0.0730,0.0845,0.0672,9
家居家纺,家庭日用,5812,630658.83,5671,5771,747,280,107,58,129,2,308,0.0494,0.0189,0.0102,0.0227,0.1294,0.0543,0.0657,0.0621,15
家用电器,家用电器,764,80171.53,747,761,95,44,13,23,7,2,33,0.0589,0.0174,0.0308,0.0094,0.1248,0.0442,0.0103,0.0082,8
汽配工具,家装建材,479,83730.88,472,476,78,39,12,7,21,0,29,0.0826,0.0254,0.0148,0.0445,0.1639,0.0614,0.0092,0.0052,2
家用电器,小家电,627,190228.50,606,621,85,31,13,10,11,0,29,0.0512,0.0215,0.0165,0.0182,0.1369,0.0479,0.0073,0.0066,12
家居家纺,居家舒适,375,59124.16,370,373,69,24,5,9,11,0,35,0.0649,0.0135,0.0243,0.0297,0.1850,0.0946,0.0056,0.0040,4
家居家纺,床品布艺卫浴,9324,1037198.38,9180,9221,1528,493,138,174,213,0,687,0.0537,0.0150,0.0190,0.0232,0.1657,0.0748,0.1157,0.1004,11
汽配工具,建筑工具,736,144539.42,724,731,102,32,10,11,12,0,54,0.0442,0.0138,0.0152,0.0166,0.1395,0.0746,0.0075,0.0079,19
3C数码,影音设备,344,49942.52,342,341,74,21,13,7,3,2,41,0.0614,0.0380,0.0205,0.0088,0.2170,0.1199,0.0049,0.0037,6
3C数码,手机通讯,4169,322683.20,4066,4138,631,255,102,92,64,6,291,0.0627,0.0251,0.0226,0.0157,0.1525,0.0716,0.0598,0.0445,5
图书文娱,文具,2291,231166.20,2244,2275,253,51,18,21,15,0,148,0.0227,0.0080,0.0094,0.0067,0.1112,0.0660,0.0120,0.0246,31
服饰鞋包,旅行箱包,1027,140327.03,1012,1023,94,25,8,7,10,0,43,0.0247,0.0079,0.0069,0.0099,0.0919,0.0425,0.0059,0.0111,30
未知,未知品类,1413,180215.51,1356,1402,269,89,28,19,29,20,97,0.0656,0.0206,0.0140,0.0214,0.1919,0.0715,0.0209,0.0148,3
汽配工具,汽车用品,3869,591284.36,3784,3849,547,168,54,63,60,3,278,0.0444,0.0143,0.0166,0.0159,0.1421,0.0735,0.0394,0.0414,18
3C数码,游戏主机,1047,153695.04,1006,1037,146,35,9,8,15,4,62,0.0348,0.0089,0.0080,0.0149,0.1408,0.0616,0.0082,0.0110,25
钟表与潮流好物,潮流好物,3595,634349.18,3523,3562,432,114,53,26,36,10,209,0.0324,0.0150,0.0074,0.0102,0.1213,0.0593,0.0268,0.0385,29
母婴玩具,玩具,3845,480229.37,3765,3813,479,158,74,44,46,11,243,0.0420,0.0197,0.0117,0.0122,0.1256,0.0645,0.0371,0.0412,20
3C数码,电子产品,2533,159075.46,2501,2514,349,124,61,26,37,7,192,0.0496,0.0244,0.0104,0.0148,0.1388,0.0768,0.0291,0.0274,14
3C数码,电脑配件,6652,910274.38,6499,6612,1056,368,132,93,115,43,416,0.0566,0.0203,0.0143,0.0177,0.1597,0.0640,0.0864,0.0711,10
服饰鞋包,箱包配饰,1846,152312.96,1803,1837,210,60,16,26,22,1,101,0.0333,0.0089,0.0144,0.0122,0.1143,0.0560,0.0141,0.0197,27
美妆个护,美妆健康,8757,1254675.24,8576,8694,1088,285,70,116,106,13,647,0.0332,0.0082,0.0135,0.0124,0.1251,0.0754,0.0669,0.0938,28
运动户外,运动休闲,7664,984388.67,7475,7613,977,266,58,81,130,4,494,0.0356,0.0078,0.0108,0.0174,0.1283,0.0661,0.0624,0.0818,24
钟表与潮流好物,钟表礼品,5602,1202620.64,5472,5555,842,280,108,85,74,29,406,0.0512,0.0197,0.0155,0.0135,0.1516,0.0742,0.0657,0.0599,12
食品酒水,食品,444,29004.13,435,439,50,17,8,4,5,0,31,0.0391,0.0184,0.0092,0.0115,0.1139,0.0713,0.0040,0.0048,22
美妆个护,香水香氛,3115,392656.26,3043,3103,408,104,29,39,36,10,202,0.0342,0.0095,0.0128,0.0118,0.1315,0.0664,0.0244,0.0333,26
