seller_id,order_cnt,gmv,delivered_cnt,qc_cnt,qc_defect_cnt,qc_mismatch_cnt,qc_missing_cnt,qc_fake_cnt,qc_rate,qc_rate_smooth,bad_rate,ship_overdue_rate,late_rate,avg_score,quality_score,risk_level,score_rank,platform_qc_rate,platform_bad_rate
00ee68308b45bc5e2660cd833c3f81cc,35,5610.00,35,2,0,1,1,0,0.0571,0.05488,0.1143,0.0000,0.0857,4.343,48.2,正常,163,0.0533,0.1396
01fd077212124329bac32490e8ef80d9,31,1208.00,31,3,1,0,2,0,0.0968,0.06994,0.1613,0.0000,0.0323,4.161,41.6,正常,195,0.0533,0.1396
01fdefa7697d26ad920e9e0346d4bd1b,44,4372.36,44,2,1,1,0,0,0.0455,0.04963,0.0698,0.0000,0.0909,4.326,56.5,正常,131,0.0533,0.1396
0241d4d5d36f10f80c644447315af0bd,163,23123.50,163,8,3,1,4,0,0.0491,0.05007,0.1104,0.0552,0.0552,4.344,47.1,正常,166,0.0533,0.1396
02f623a8eb246f3c5f7c2f96462654e6,44,6378.00,44,1,1,0,0,0,0.0227,0.03899,0.0465,0.0000,0.0682,4.558,73.1,正常,54,0.0533,0.1396
04308b1ee57b6625f47df1d56f00eedf,75,44319.50,74,8,0,4,4,0,0.1081,0.08601,0.2267,0.3333,0.0946,3.840,10.0,需关注,289,0.0533,0.1396
056b4ada5bbc2c50cc7842547dda6b51,56,9602.46,55,1,0,0,1,0,0.0182,0.03490,0.1273,0.1071,0.1091,4.236,52.8,正常,145,0.0533,0.1396
0691148aee60ca47977c187804f935ae,35,3272.21,35,1,0,0,1,0,0.0286,0.04312,0.1143,0.0857,0.0286,4.371,57.2,正常,127,0.0533,0.1396
06a2c3af7b3aee5d69171b0e14f0ee87,372,35020.16,369,12,0,8,5,0,0.0325,0.03500,0.1712,0.3226,0.1951,3.973,42.5,正常,190,0.0533,0.1396
06e5eefc71ec47ae763c5c6f8db7064f,55,14340.47,54,4,2,2,0,0,0.0741,0.06409,0.1636,0.0556,0.0000,3.873,38.8,正常,202,0.0533,0.1396
080102cd0a76b09e0dcf55fcacc60e05,92,4221.30,91,4,1,2,1,0,0.0440,0.04727,0.0435,0.0109,0.0330,4.435,65.2,正常,90,0.0533,0.1396
080199a181c46c657dc5aa235411be3b,32,5813.19,32,0,0,0,0,0,0.0000,0.03250,0.0313,0.0313,0.0000,4.594,83.9,正常,17,0.0533,0.1396
08633c14ef2db992c11f840f04fad4cd,61,6028.10,61,1,0,0,1,0,0.0164,0.03302,0.0492,0.0000,0.0492,4.443,81.3,正常,24,0.0533,0.1396
09f952a5f58d2285b0372551ae8f9b01,37,7943.96,37,4,1,0,3,0,0.1081,0.07661,0.1622,0.0811,0.0541,3.865,25.4,正常,254,0.0533,0.1396
0b90b6df587eb83608a64ea8b390cf07,67,12023.22,67,8,0,2,4,3,0.1194,0.09115,0.1940,0.0299,0.0000,3.910,31.5,需关注,228,0.0533,0.1396
0bae85eb84b9fb3bd773911e89288d54,36,1657.69,36,1,0,0,1,0,0.0278,0.04262,0.0833,0.0000,0.0000,4.417,75.3,正常,43,0.0533,0.1396
0be8ff43f22e456b4e0371b2245e4d01,60,4373.40,58,6,3,1,2,0,0.1034,0.08023,0.1667,0.0345,0.1034,4.050,22.9,需关注,262,0.0533,0.1396
0dd184061fb0eaa7ca37932c68ab91c5,120,14066.92,120,9,3,2,4,0,0.0750,0.06862,0.1083,0.0750,0.0917,4.133,30.8,正常,230,0.0533,0.1396
0df3984f9dfb3d49ac6366acbd3bbb85,30,3101.85,30,1,0,0,1,0,0.0333,0.04581,0.1333,0.0667,0.0333,4.133,50.7,正常,153,0.0533,0.1396
0ea22c1cfbdc755f86b9b54b39c16043,39,1445.80,38,0,0,0,0,0,0.0000,0.03028,0.0789,0.0526,0.0263,4.500,77.7,正常,36,0.0533,0.1396
0ed6ce5d87fd9c69eaacaeb778d67235,32,1280.52,32,1,0,1,0,1,0.0313,0.04470,0.0645,0.1875,0.0938,4.355,49.5,正常,156,0.0533,0.1396
1025f0e2d44d7041d6cf58b6550e0bfa,607,92131.21,604,58,10,11,40,0,0.0960,0.09276,0.1542,0.1236,0.0480,4.080,21.5,需关注,271,0.0533,0.1396
116ccb1a1604bc88e4d234a8c23f33de,31,1075.98,31,1,1,0,0,0,0.0323,0.04525,0.0000,0.0000,0.0645,4.677,68.2,正常,72,0.0533,0.1396
128639473a139ac0f3e5f5ade55873a5,151,3385.50,150,4,3,0,1,0,0.0267,0.03333,0.0872,0.0464,0.0467,4.289,68.6,正常,71,0.0533,0.1396
12b9676b00f60f3b700e83af21824c0e,34,6880.00,34,0,0,0,0,0,0.0000,0.03173,0.0606,0.0294,0.0294,4.121,79.7,正常,29,0.0533,0.1396
138dbe45fc62f1e244378131a6801526,49,1125.56,49,7,2,2,4,0,0.1429,0.09763,0.1633,0.0204,0.0204,4.082,32.8,需关注,222,0.0533,0.1396
1554a68530182680ad5c8b042c3ab563,59,9149.77,59,3,1,2,0,0,0.0508,0.05197,0.1356,0.0169,0.0508,4.203,48.6,正常,161,0.0533,0.1396
16090f2ca825584b5a147ab24aa30c86,281,13335.86,277,19,13,3,3,0,0.0686,0.06625,0.1470,0.0463,0.0794,4.061,30.5,正常,234,0.0533,0.1396
17a053fcb14bd219540cbde0df490be0,72,23439.78,72,8,1,2,6,0,0.1111,0.08742,0.1250,0.1528,0.0694,4.194,22.4,需关注,265,0.0533,0.1396
17ca9b9e9b9ef8fdb529001b49ebb50f,61,5441.75,60,2,1,1,0,0,0.0333,0.04241,0.0984,0.0820,0.0000,4.164,62.8,正常,99,0.0533,0.1396
17e34d8224d27a541263c4c64b11a56b,66,18687.81,65,4,0,1,1,2,0.0615,0.05796,0.1692,0.0758,0.1077,4.108,27.2,正常,246,0.0533,0.1396
1835b56ce799e6a4dc4eddc053f04066,184,16308.87,180,14,2,7,6,0,0.0778,0.07246,0.1967,0.0328,0.0722,3.891,24.9,正常,255,0.0533,0.1396
18a349e75d307f4b4cc646a691ed4216,92,6228.10,91,13,9,3,2,2,0.1429,0.11110,0.2857,0.0330,0.0440,3.528,20.1,高风险,274,0.0533,0.1396
18e694e0e48ed6f7aa3f24aade5fd697,31,701.54,31,0,0,0,0,0,0.0000,0.03290,0.0000,0.0000,0.0323,4.677,85.7,正常,11,0.0533,0.1396
1900267e848ceeba8fa32d80c1a5f5a8,181,10353.43,178,17,4,11,3,0,0.0955,0.08625,0.1798,0.0387,0.0730,3.882,22.7,需关注,263,0.0533,0.1396
1b4c3a6f53068f0b6944d2d005c9fc89,32,4082.54,32,0,0,0,0,0,0.0000,0.03250,0.0625,0.0000,0.0313,4.344,83.7,正常,19,0.0533,0.1396
1bb2bdb95f4841f1bba2c0d2cd83d3c9,41,2230.88,41,0,0,0,0,0,0.0000,0.02929,0.0500,0.0732,0.0244,4.650,79.7,正常,29,0.0533,0.1396
1c129092bf23f28a5930387c980c0dfc,57,2762.90,57,1,0,0,1,0,0.0175,0.03425,0.1404,0.1930,0.0175,4.211,60.3,正常,110,0.0533,0.1396
1c68394e931a64f90ea236c5ea590300,45,5651.73,45,4,0,0,3,0,0.0889,0.07016,0.1111,0.1556,0.0000,4.000,37.3,正常,205,0.0533,0.1396
1d4587203296c8f4ad134dc286fa6db0,34,1947.10,32,1,0,1,0,0,0.0313,0.04470,0.1176,0.0294,0.0313,4.235,59.3,正常,115,0.0533,0.1396
1da3aeb70d7989d1e6d9b0e887f97c23,111,3036.38,111,4,2,0,2,0,0.0360,0.04140,0.0901,0.0631,0.0721,4.234,57.8,正常,123,0.0533,0.1396
1e8b33f18b4f7598d87f5cbee2282cc2,87,13507.48,87,3,0,0,3,0,0.0345,0.04135,0.0930,0.0230,0.0460,4.500,66.2,正常,85,0.0533,0.1396
1f50f920176fa81dab994f9023523100,395,30767.92,394,22,2,2,18,0,0.0558,0.05555,0.1323,0.0608,0.0812,4.143,35.6,正常,213,0.0533,0.1396
2138ccb85b11a4ec1e37afbd1c8eda1f,70,2400.70,69,10,5,2,3,0,0.1449,0.10643,0.2174,0.0429,0.0435,3.725,21.0,需关注,272,0.0533,0.1396
213b25e6f54661939f11710a6fddb871,145,14603.80,143,15,6,1,8,0,0.1049,0.09153,0.2069,0.3310,0.0629,3.828,13.1,需关注,285,0.0533,0.1396
218d46b86c1881d022bce9c68a7d4b15,96,11379.68,96,4,0,0,4,0,0.0417,0.04565,0.1667,0.0729,0.1354,3.927,37.9,正常,204,0.0533,0.1396
23c38debaffe4a25a30fdbd9b586a13f,41,5382.18,41,1,0,0,1,0,0.0244,0.04027,0.0244,0.0488,0.1220,4.317,61.6,正常,105,0.0533,0.1396
240b9776d844d37535668549a396af32,36,13592.08,35,1,1,0,0,0,0.0286,0.04312,0.1111,0.1111,0.0286,4.278,56.5,正常,130,0.0533,0.1396
2528513dd95219a6013d4d05176e391a,67,9527.10,66,3,0,1,2,0,0.0455,0.04884,0.1667,0.0455,0.0455,4.076,44.9,正常,182,0.0533,0.1396
259f7b5e6e482c230e5bfaa670b6bb8f,44,2729.50,43,2,0,0,2,0,0.0465,0.05016,0.1364,0.0000,0.0465,4.046,53.7,正常,140,0.0533,0.1396
282f23a9769b2690c5dda22e316f9941,43,2389.28,43,2,1,0,1,0,0.0465,0.05016,0.0465,0.0465,0.0233,4.326,58.5,正常,117,0.0533,0.1396
289cdb325fb7e7f891c38608bf9e0962,106,13139.65,105,3,0,0,2,1,0.0286,0.03655,0.0566,0.0094,0.0190,4.557,78.3,正常,33,0.0533,0.1396
2a261b5b644fa05f4f2700eb93544f2c,38,4060.00,38,2,0,1,1,0,0.0526,0.05301,0.2105,0.0263,0.1053,3.842,34.1,需关注,218,0.0533,0.1396
2a84855fd20af891be03bc5924d2b453,114,10371.40,109,5,1,3,1,0,0.0459,0.04821,0.1239,0.0000,0.0275,4.195,60.1,正常,112,0.0533,0.1396
2c9e548be18521d1c43cde1c582c6de8,73,3676.60,72,0,0,0,0,0,0.0000,0.02184,0.1127,0.0274,0.1528,4.239,71.9,正常,57,0.0533,0.1396
2e1c9f22be269ef4643f826c9e650a52,62,5688.86,60,2,1,0,1,0,0.0333,0.04241,0.1639,0.0328,0.1000,4.098,48.9,正常,160,0.0533,0.1396
2e90cb1677d35cfe24eef47d441b7c87,55,6224.80,55,2,0,1,1,0,0.0364,0.04443,0.1273,0.0727,0.1455,4.127,43.9,正常,186,0.0533,0.1396
2eb70248d66e0e3ef83659f71b244378,197,40019.07,182,62,24,34,3,11,0.3407,0.27873,0.5026,0.3169,0.1099,2.689,3.1,高风险,297,0.0533,0.1396
2ff97219cb8622eaf3cd89b7d9c09824,84,4237.40,83,0,0,0,0,0,0.0000,0.02004,0.0357,0.0241,0.0361,4.536,89.3,正常,5,0.0533,0.1396
31561f325664a8a7aba4c8d0c3a9b3db,36,2702.19,36,1,0,0,1,0,0.0278,0.04262,0.0278,0.0556,0.0000,4.639,71.1,正常,61,0.0533,0.1396
32b8764b4ef628b53608fc34011fcc13,36,8884.00,36,1,0,0,1,0,0.0278,0.04262,0.0556,0.0556,0.0278,4.194,66.0,正常,87,0.0533,0.1396
33a17d60c64393351ebf1ef860f4e0f2,33,6288.75,33,1,0,0,1,0,0.0303,0.04416,0.0303,0.0303,0.0303,4.546,68.1,正常,74,0.0533,0.1396
33a6f4b1e7cdc205511e76ba1b6e0186,90,8536.16,90,2,0,0,2,0,0.0222,0.03332,0.0667,0.0222,0.0222,4.489,78.1,正常,34,0.0533,0.1396
34056b8b55c1775a22af2331670a799c,72,5615.90,71,5,2,4,0,0,0.0704,0.06335,0.1389,0.0556,0.0845,4.083,31.8,正常,226,0.0533,0.1396
36a968b544695394e4e9d7572688598f,57,1624.11,56,5,4,1,0,0,0.0893,0.07231,0.1579,0.1250,0.0179,4.105,30.1,正常,236,0.0533,0.1396
37515688008a7a40ac93e3b2e4ab203f,33,1277.90,32,0,0,0,0,0,0.0000,0.03250,0.0938,0.3030,0.1563,4.000,55.5,正常,134,0.0533,0.1396
382229d1e840115ffe3dbf5ff460e417,46,4096.96,45,2,1,1,0,0,0.0444,0.04911,0.1304,0.0217,0.0667,4.217,49.0,正常,159,0.0533,0.1396
391fc6631aebcf3004804e51b40bcf1e,166,11767.30,164,7,2,2,3,0,0.0427,0.04516,0.1515,0.0301,0.1098,4.091,45.9,正常,173,0.0533,0.1396
3ab971ce71839580d2ae5b4e40fe8044,36,5002.90,35,1,1,0,0,0,0.0286,0.04312,0.2059,0.0278,0.0571,3.912,50.6,正常,154,0.0533,0.1396
3d871de0142ce09b7081e2b9d1733cb1,221,18751.60,219,9,3,3,2,3,0.0411,0.04336,0.1222,0.0543,0.0502,4.154,55.4,正常,135,0.0533,0.1396
3d8fa2f5b647373c8620330c4e077a9f,43,3571.73,42,3,1,0,2,0,0.0714,0.06158,0.1429,0.0930,0.0238,4.167,36.2,正常,210,0.0533,0.1396
3db66a856d18a9cba7c9241fc5221c50,34,4029.50,34,4,1,3,1,0,0.1176,0.07935,0.1471,0.2059,0.1471,4.088,15.2,正常,281,0.0533,0.1396
406822777a0b9eb5c50e442dd4cd3ec5,31,2709.68,30,0,0,0,0,0,0.0000,0.03331,0.1290,0.0323,0.1333,4.129,59.0,正常,116,0.0533,0.1396
42b729f859728f5079499127a9c2ef37,93,3687.56,92,2,1,0,1,0,0.0217,0.03285,0.0217,0.0645,0.0326,4.630,76.0,正常,41,0.0533,0.1396
4371b634e0efc0e22b09b52907d9d469,45,4410.00,45,1,0,0,1,0,0.0222,0.03858,0.1111,0.0444,0.0889,4.356,58.1,正常,122,0.0533,0.1396
45ba18c210d42734ec52c0c1c574e9ee,38,5589.13,35,2,0,0,2,0,0.0571,0.05488,0.2105,0.0000,0.0571,3.868,42.2,需关注,193,0.0533,0.1396
46dc3b2cc0980fb8ec44634e21d2718e,44,9499.56,42,4,1,2,0,0,0.0952,0.07245,0.1395,0.0000,0.0476,4.186,40.1,正常,198,0.0533,0.1396
4830e40640734fc1c52cd21127c341d4,124,5722.90,119,7,3,1,3,0,0.0588,0.05719,0.1138,0.0165,0.0504,4.146,46.6,正常,170,0.0533,0.1396
4869f7a5dfa277a7dca6462dcf3b52b2,562,99527.60,557,26,3,11,9,4,0.0467,0.04722,0.1237,0.0765,0.0862,4.183,44.0,正常,185,0.0533,0.1396
4a3ca9315b744ce9f8e9374361493884,478,50058.01,470,26,7,8,14,0,0.0553,0.05513,0.1782,0.0565,0.0936,3.922,30.2,正常,235,0.0533,0.1396
4b9750c8ad28220fe6702d4ecb7c898f,166,12199.40,165,3,3,0,0,0,0.0182,0.02635,0.0482,0.0482,0.0424,4.428,82.5,正常,22,0.0533,0.1396
4c18691b6037662be2df78a765d98ab5,62,3181.92,62,6,4,0,3,0,0.0968,0.07737,0.1774,0.0323,0.0645,3.855,26.5,正常,248,0.0533,0.1396
4c2b230173bb36f9b240f2b8ac11786e,65,3597.00,64,1,1,0,0,0,0.0156,0.03215,0.1719,0.1538,0.1406,4.000,49.1,正常,158,0.0533,0.1396
4d6d651bd7684af3fffabd5f08d12e5a,154,19701.20,153,8,0,3,6,0,0.0523,0.05254,0.1299,0.0779,0.0523,4.182,41.6,正常,194,0.0533,0.1396
4e922959ae960d389249c378d1c939f5,98,15579.27,96,8,2,2,4,0,0.0833,0.07305,0.1979,0.1020,0.1250,3.875,15.1,正常,282,0.0533,0.1396
516e7738bd8f735ac19a010ee5450d8d,76,6643.09,74,1,0,0,1,0,0.0135,0.02956,0.0395,0.0000,0.0270,4.566,89.7,正常,3,0.0533,0.1396
522620dcb18a6b31cd7bdf73665113a9,58,21558.87,57,5,2,1,2,0,0.0877,0.07164,0.1754,0.0517,0.0702,4.018,26.0,正常,251,0.0533,0.1396
527801b552d0077ffd170872eb49683b,43,14113.60,43,0,0,0,0,0,0.0000,0.02866,0.0698,0.0698,0.0698,4.488,72.9,正常,55,0.0533,0.1396
530ec6109d11eaaf87999465c6afee01,74,10017.31,73,2,1,0,1,0,0.0274,0.03793,0.0946,0.0405,0.0137,4.284,69.2,正常,67,0.0533,0.1396
53243585a1d6dc2643021fd1853d8905,101,33742.13,97,6,1,1,4,0,0.0619,0.05895,0.1980,0.0619,0.0309,3.842,33.7,正常,220,0.0533,0.1396
5343d0649eca2a983820bfe93fc4d17e,53,8120.35,53,4,0,0,4,0,0.0755,0.06471,0.2264,0.0189,0.0943,3.868,27.8,需关注,245,0.0533,0.1396
537eb890efff034a88679788b647c564,80,2082.10,79,2,0,0,2,0,0.0253,0.03616,0.1000,0.0125,0.0633,4.263,68.2,正常,73,0.0533,0.1396
53e4c6e0f4312d4d2107a8c9cddf45cd,152,9604.42,149,9,3,4,3,0,0.0604,0.05862,0.1457,0.1908,0.0537,4.060,31.7,正常,227,0.0533,0.1396
54a1852d1b8f10312c55e906355666ee,91,8018.07,90,3,0,3,0,0,0.0333,0.04046,0.0879,0.0110,0.1111,4.308,61.5,正常,107,0.0533,0.1396
562fc2f2c2863ab7e79a9e4388a58a14,179,6335.03,176,12,4,7,2,0,0.0682,0.06489,0.0955,0.0279,0.0114,4.236,47.6,正常,164,0.0533,0.1396
5656537e588803a555b8eb41f07a944b,96,3548.51,96,7,3,5,0,0,0.0729,0.06620,0.1875,0.0313,0.0625,3.958,30.7,正常,232,0.0533,0.1396
58f1a6197ed863543e0136bdedb3fce2,44,6833.00,42,2,1,1,0,1,0.0476,0.05071,0.1364,0.0455,0.0238,4.182,48.3,正常,162,0.0533,0.1396
594f9aaa48e5bf431f011ddc5669b0d5,37,3248.80,37,0,0,0,0,0,0.0000,0.03063,0.0270,0.0000,0.0270,4.595,89.5,正常,4,0.0533,0.1396
59b22a78efb79a4797979612b885db36,56,12879.00,56,3,2,0,1,0,0.0536,0.05344,0.2143,0.0357,0.1607,4.000,28.5,需关注,241,0.0533,0.1396
5a8e7d5003a1f221f9e1d6e411de7c23,48,3963.70,46,3,2,0,1,0,0.0652,0.05901,0.1489,0.1064,0.0217,4.149,36.5,正常,207,0.0533,0.1396
5cf13accae3222c70a9cac40818ae839,79,7803.20,79,2,0,2,0,0,0.0253,0.03616,0.0769,0.0127,0.0253,4.487,76.1,正常,40,0.0533,0.1396
5d0363b33554b373851fc1622e4d5f3c,60,4309.29,59,3,2,0,1,0,0.0508,0.05197,0.1500,0.0833,0.0847,3.967,35.6,正常,214,0.0533,0.1396
5dceca129747e92ff8ef7a997dc4f8ca,58,42748.42,58,11,1,0,10,0,0.1897,0.12653,0.3860,0.0862,0.1034,3.193,7.6,高风险,292,0.0533,0.1396
5f3ae9136c875522250f8184f253413a,34,910.30,33,1,0,0,1,0,0.0303,0.04416,0.0303,0.1471,0.0606,4.636,56.7,正常,129,0.0533,0.1396
609e1a9a6c2539919b8205cf7c4e6ff0,83,6201.93,83,11,2,2,8,0,0.1325,0.10274,0.1852,0.0964,0.0120,3.901,23.0,需关注,261,0.0533,0.1396
612170e34b97004b3ba37eae81836b4c,107,23065.02,107,5,1,3,0,1,0.0467,0.04882,0.0748,0.0280,0.0093,4.430,61.4,正常,108,0.0533,0.1396
620c87c171fb2a6dd6e8bb4dec959fc6,231,34378.00,225,11,0,9,3,0,0.0489,0.04969,0.2009,0.0437,0.1333,4.026,32.9,正常,221,0.0533,0.1396
634964b17796e64304cadf1ad3050fb7,170,23069.40,169,9,3,2,4,0,0.0533,0.05326,0.1471,0.1353,0.1006,4.059,30.7,正常,231,0.0533,0.1396
640e21a7d01df7614a3b4923e990d40c,116,7598.88,115,5,1,0,4,0,0.0435,0.04645,0.0862,0.0345,0.0435,4.302,57.4,正常,126,0.0533,0.1396
643214e62b870443ccbe55ab29a4dccf,36,1512.08,35,0,0,0,0,0,0.0000,0.03135,0.0556,0.1143,0.1714,4.417,62.9,正常,98,0.0533,0.1396
6560211a19b47992c3666cc44a7e94c0,810,55284.00,802,68,40,14,18,4,0.0848,0.08294,0.1824,0.0062,0.0574,3.911,29.7,需关注,237,0.0533,0.1396
65febd49fd28ec955651299159b1f527,35,4319.70,33,2,2,0,0,0,0.0606,0.05620,0.1143,0.0000,0.0000,4.314,56.4,正常,132,0.0533,0.1396
66922902710d126a0e7d26b0e3805106,61,5557.50,60,0,0,0,0,0,0.0000,0.02423,0.0492,0.0656,0.0833,4.475,77.2,正常,37,0.0533,0.1396
669ae81880e08f269a64487cfb287169,41,3102.72,41,1,0,0,1,0,0.0244,0.04027,0.1220,0.0000,0.0244,4.195,71.3,正常,60,0.0533,0.1396
670c26e0f1bf8d0576271d5cfaec6d2b,35,2636.30,35,0,0,0,0,0,0.0000,0.03135,0.0857,0.0000,0.0571,4.086,79.9,正常,26,0.0533,0.1396
6860153b69cc696d5dcfe1cdaaafcf62,67,3350.34,67,3,1,1,1,0,0.0448,0.04842,0.1515,0.0149,0.0896,4.076,46.0,正常,172,0.0533,0.1396
688756f717c462a206ad854c5027a64a,83,5966.54,81,8,4,3,2,0,0.0988,0.08141,0.1829,0.1220,0.0370,3.866,22.1,需关注,267,0.0533,0.1396
6973a06f484aacf400ece213dbf3d946,46,4825.99,43,3,1,0,2,0,0.0698,0.06091,0.2391,0.1136,0.0465,3.630,26.5,需关注,249,0.0533,0.1396
6a8b085f816a1f75f92dbac6eb545f8f,45,2067.79,45,0,0,0,0,0,0.0000,0.02805,0.0667,0.0444,0.0889,4.244,74.9,正常,45,0.0533,0.1396
6b243f80ed07b10f0e8aa0f21a205f3c,43,3288.50,43,2,1,1,1,0,0.0465,0.05016,0.0930,0.0000,0.0233,4.372,61.7,正常,103,0.0533,0.1396
6b3bd31ad8fcda4b2635ec9f3ff2ecdf,36,4198.90,35,2,0,1,1,0,0.0571,0.05488,0.1944,0.1389,0.0857,4.000,26.8,正常,247,0.0533,0.1396
6b90f847357d8981edd79a1eb1bf0acb,45,3322.08,45,0,0,0,0,0,0.0000,0.02805,0.0667,0.0000,0.0000,4.356,92.7,正常,1,0.0533,0.1396
6d66611d7c44cc30ce351abc49a68421,70,4812.70,69,3,1,1,1,0,0.0435,0.04761,0.1159,0.0857,0.0580,4.029,45.9,正常,173,0.0533,0.1396
6edacfd9f9074789dad6d62ba7950b9c,51,2806.50,50,0,0,0,0,0,0.0000,0.02665,0.1400,0.0588,0.1000,4.120,64.7,正常,93,0.0533,0.1396
7040e82f899a04d1b434b795a43b4617,92,3519.70,90,13,11,1,3,0,0.1444,0.11189,0.2637,0.0220,0.0444,3.637,22.5,高风险,264,0.0533,0.1396
709e16e2b25c7474d980076c6bfc4806,35,3080.20,35,2,1,2,1,0,0.0571,0.05488,0.0286,0.0286,0.0286,4.514,57.4,正常,125,0.0533,0.1396
70a12e78e608ac31179aea7f8422044b,59,8584.00,59,7,2,2,2,1,0.1186,0.08867,0.3103,0.2034,0.1695,3.569,6.4,需关注,294,0.0533,0.1396
70c27847eca8195c983ed7e798c56743,77,12077.52,77,3,0,1,2,0,0.0390,0.04461,0.1818,0.2208,0.0649,4.234,39.5,正常,200,0.0533,0.1396
70eea00b476a314817cefde4aad4f89a,49,14036.70,47,0,0,0,0,0,0.0000,0.02747,0.0851,0.0408,0.0638,4.383,76.3,正常,39,0.0533,0.1396
710e3548e02bc1d2831dfc4f1b5b14d4,33,6677.27,32,5,0,3,1,0,0.1563,0.09348,0.2121,0.0909,0.0313,3.788,19.7,需关注,275,0.0533,0.1396
7142540dd4c91e2237acb7e911c4eba2,106,15029.49,106,5,1,2,2,0,0.0472,0.04913,0.1415,0.0566,0.1038,4.057,38.5,正常,203,0.0533,0.1396
715bbd5ba4e6b74cb0d2f29eb45058b0,37,2454.00,37,0,0,0,0,0,0.0000,0.03063,0.0270,0.0541,0.0811,4.703,74.5,正常,48,0.0533,0.1396
7178f9f4dd81dcef02f62acdf8151e01,32,9030.40,31,0,0,0,0,0,0.0000,0.03290,0.0625,0.1935,0.0968,4.469,61.6,正常,104,0.0533,0.1396
7202e2ba20579a9bd1acb29e61fe71f6,30,5923.80,30,4,4,0,1,0,0.1333,0.08331,0.1724,0.0667,0.0667,3.966,22.1,需关注,266,0.0533,0.1396
7299e27ed73d2ad986de7f7c77d919fa,114,16463.88,114,2,0,1,1,0,0.0175,0.02845,0.0789,0.0263,0.0614,4.368,78.6,正常,32,0.0533,0.1396
729f06993dac8e860d4f02d7088ca48a,32,5991.80,31,0,0,0,0,0,0.0000,0.03290,0.1250,0.0625,0.0968,4.344,59.4,正常,114,0.0533,0.1396
72c5da29406b4234927b81855e7b64f6,31,11798.69,31,1,0,0,1,0,0.0323,0.04525,0.1290,0.0000,0.0323,4.129,61.9,正常,101,0.0533,0.1396
750303a20e9c56b2a6bc45cdce0b897d,34,4279.30,33,0,0,0,0,0,0.0000,0.03211,0.1176,0.0000,0.0000,4.265,82.5,正常,21,0.0533,0.1396
7681ef142fd2c19048da7430856b5588,52,31204.81,51,2,0,0,2,0,0.0392,0.04619,0.1154,0.0385,0.0588,4.250,51.8,正常,150,0.0533,0.1396
77530e9772f57a62c906e1c21538ab82,130,18646.20,128,4,0,0,4,0,0.0313,0.03744,0.1008,0.0308,0.0391,4.372,67.1,正常,78,0.0533,0.1396
79ebd9a61bac3eaf882805ed4ecfa12a,73,9982.50,71,2,1,0,1,0,0.0282,0.03855,0.1233,0.1507,0.0282,4.069,58.1,正常,121,0.0533,0.1396
7a67c85e85bb2ce8582c35f2203ad736,225,25188.96,221,5,1,2,2,1,0.0226,0.02828,0.1250,0.0268,0.1041,4.121,69.0,正常,68,0.0533,0.1396
7ad32824caee82087b3e2e5f33b1bf32,143,20224.10,139,12,2,6,5,0,0.0863,0.07759,0.1857,0.0350,0.1151,3.900,20.1,正常,273,0.0533,0.1396
7c67e1448b00f6e969d365cea6b010ab,345,65397.74,340,35,14,8,20,0,0.1029,0.09658,0.2522,0.2907,0.0706,3.537,10.3,需关注,288,0.0533,0.1396
7d13fca15225358621be4086e1eb0964,539,107564.62,533,20,5,8,6,1,0.0375,0.03888,0.1583,0.1484,0.0976,4.084,45.5,正常,180,0.0533,0.1396
7d456afc660226829370f3173d14520c,34,3648.00,34,1,0,0,1,0,0.0294,0.04363,0.0882,0.0000,0.0294,4.353,69.7,正常,66,0.0533,0.1396
7d76b645482be4a332374e8223836592,38,748.51,37,1,0,0,1,0,0.0270,0.04213,0.0789,0.0789,0.0541,4.158,59.8,正常,113,0.0533,0.1396
7ddcbb64b5bc1ef36ca8c151f6ec77df,45,7016.55,41,1,1,0,0,0,0.0244,0.04027,0.2093,0.0000,0.1220,3.907,52.7,正常,147,0.0533,0.1396
7e1fb0a3ebfb01ffb3a7dae98bf3238d,46,8028.00,45,0,0,0,0,0,0.0000,0.02805,0.1087,0.0435,0.1111,4.239,68.7,正常,70,0.0533,0.1396
7e3f87d16fb353f408d467e74fbd8014,43,2601.15,42,0,0,0,0,0,0.0000,0.02897,0.1628,0.0000,0.0952,3.954,69.9,正常,62,0.0533,0.1396
7ea5bfa6c340f58f8e71fc1f0412b0d6,55,5518.32,54,0,0,0,0,0,0.0000,0.02563,0.0727,0.0000,0.0185,4.273,92.1,正常,2,0.0533,0.1396
7f7b8245c336066a1f9933c359f11d77,38,2094.36,38,0,0,0,0,0,0.0000,0.03028,0.0789,0.0263,0.0263,4.553,81.5,正常,23,0.0533,0.1396
8160255418d5aaa7dbdc9f4c64ebda44,189,21182.39,186,8,2,2,4,0,0.0430,0.04519,0.1237,0.0317,0.0645,4.086,52.9,正常,144,0.0533,0.1396
81f89e42267213cb94da7ddc301651da,46,3955.00,46,6,2,1,1,4,0.1304,0.09026,0.2174,0.0217,0.0000,3.674,31.8,需关注,225,0.0533,0.1396
850f4f8af5ea87287ac68de36e29107f,39,10932.79,39,0,0,0,0,0,0.0000,0.02994,0.1316,0.0000,0.1282,4.132,69.7,正常,65,0.0533,0.1396
855668e0971d4dfd7bef1b6a4133b41b,81,8653.73,77,11,2,9,1,0,0.1429,0.10760,0.3125,0.2500,0.1429,3.400,3.8,高风险,296,0.0533,0.1396
8581055ce74af1daba164fdbd55a40de,45,7016.05,43,0,0,0,0,0,0.0000,0.02866,0.2222,0.0444,0.1860,4.000,54.9,需关注,138,0.0533,0.1396
85d9eb9ddc5d00ca9336a2219c97bb13,155,4608.64,154,3,1,2,0,0,0.0195,0.02777,0.0903,0.1097,0.0325,4.181,74.2,正常,50,0.0533,0.1396
8648b1e89e9b349e32d3741b30ec737e,57,4981.50,55,4,0,3,1,0,0.0727,0.06348,0.1754,0.0351,0.0909,4.018,29.3,正常,239,0.0533,0.1396
87142160b41353c4e5fca2360caf6f92,85,8786.20,85,3,0,1,2,0,0.0353,0.04196,0.0833,0.0353,0.0353,4.345,65.0,正常,92,0.0533,0.1396
88460e8ebdecbfecb5f9601833981930,164,18197.85,163,25,9,6,5,8,0.1534,0.12988,0.2638,0.3129,0.1288,3.626,3.0,高风险,298,0.0533,0.1396
891071be6ba827b591264c90c2ae8a63,36,1234.73,35,2,0,1,1,0,0.0571,0.05488,0.0833,0.0000,0.0286,4.472,58.3,正常,119,0.0533,0.1396
897060da8b9a21f655304d50fd935913,49,2938.64,48,4,0,0,3,1,0.0833,0.06801,0.1633,0.1020,0.2083,3.714,19.6,正常,276,0.0533,0.1396
8a130737016f838139d31878787a39c9,37,2934.23,37,1,1,0,0,0,0.0270,0.04213,0.0811,0.0270,0.0811,4.324,61.8,正常,102,0.0533,0.1396
8a432f4e5b471f8da497d7dc517666e2,95,7555.00,95,5,2,2,2,0,0.0526,0.05286,0.1277,0.0105,0.0211,4.192,53.8,正常,139,0.0533,0.1396
8ae520247981aa06bc94abddf5f46d34,37,6757.10,37,2,1,1,0,0,0.0541,0.05362,0.0541,0.0000,0.0000,4.595,65.1,正常,91,0.0533,0.1396
8b321bb669392f5163d04c59e235e066,451,7953.91,443,12,6,0,4,2,0.0271,0.02975,0.1339,0.0244,0.0722,4.165,69.8,正常,63,0.0533,0.1396
8b9d6eec4a7eb7d0f9d579ce0b38324d,49,4232.54,48,2,1,0,1,0,0.0417,0.04760,0.1837,0.2041,0.1458,4.000,29.6,正常,238,0.0533,0.1396
8bb48dc19fccaa8613b6229bf7f452a2,34,1697.89,34,1,0,0,1,0,0.0294,0.04363,0.0588,0.0294,0.0294,4.559,67.1,正常,79,0.0533,0.1396
8d956fec2e4337affcb520f56fd8cbfd,175,9160.58,175,8,3,3,3,0,0.0457,0.04740,0.0914,0.0514,0.0629,4.217,51.2,正常,151,0.0533,0.1396
8e8a7ce9f2f970dc00e2acf6f6e199f6,45,6340.00,43,4,4,0,0,0,0.0930,0.07167,0.0909,0.0222,0.0233,4.136,45.9,正常,175,0.0533,0.1396
8f2ce03f928b567e3d56181ae20ae952,65,10207.50,64,0,0,0,0,0,0.0000,0.02338,0.1538,0.0769,0.1250,4.108,62.2,正常,100,0.0533,0.1396
900ba814c251a692506d7834c1218441,42,13509.43,41,0,0,0,0,0,0.0000,0.02929,0.0488,0.1190,0.1220,4.390,67.3,正常,77,0.0533,0.1396
92eb0f42c21942b6552362b9b114707d,99,1996.57,96,7,5,2,0,0,0.0729,0.06620,0.1515,0.2449,0.0625,3.869,25.7,正常,253,0.0533,0.1396
951e8cef368f09bb3f3d03c00ca4702c,64,4092.29,62,2,0,1,1,0,0.0323,0.04165,0.1475,0.0156,0.0645,4.082,57.6,正常,124,0.0533,0.1396
955fee9216a65b617aa5c0531780ce60,786,91652.45,768,47,22,6,24,0,0.0612,0.06072,0.1232,0.0076,0.0651,4.155,42.9,正常,189,0.0533,0.1396
95e03ca3d4146e4011985981aeb959b9,39,1898.64,37,2,0,0,2,0,0.0541,0.05362,0.1795,0.0000,0.0541,3.974,45.6,正常,178,0.0533,0.1396
95f83f51203c626648c875dd41874c7f,31,1849.61,30,3,1,2,0,0,0.1000,0.07081,0.1935,0.0968,0.0667,3.839,22.0,正常,268,0.0533,0.1396
966cb4760537b1404caedd472cc610a5,75,51286.05,67,10,4,3,1,2,0.1493,0.10825,0.1892,0.0667,0.0299,3.865,21.9,高风险,269,0.0533,0.1396
972d0f9cf61b499a4812cf0bfa3ad3c4,36,3251.28,34,5,1,1,3,0,0.1471,0.09125,0.5152,0.1111,0.0588,2.788,13.9,需关注,283,0.0533,0.1396
98dac6635aee4995d501a3972e047414,31,1292.66,30,2,0,1,2,0,0.0667,0.05831,0.1935,0.0333,0.0000,4.032,41.0,正常,196,0.0533,0.1396
99a54764c341d5dc80b4a8fac4eba3fb,45,3708.76,44,8,3,1,3,0,0.1818,0.11346,0.2273,0.0889,0.1136,3.614,8.1,高风险,291,0.0533,0.1396
9b013e03b2ab786505a1d3b5c0756754,121,5864.98,120,9,2,3,5,0,0.0750,0.06862,0.1074,0.0165,0.0250,4.298,45.7,正常,177,0.0533,0.1396
9c0e69c7bf2619675bbadf47b43f655a,34,4963.20,32,1,0,0,1,0,0.0313,0.04470,0.1176,0.1212,0.0000,4.265,56.1,正常,133,0.0533,0.1396
9d4db00d65d7760644ac0c14edb5fd86,83,8131.77,82,1,0,0,1,0,0.0122,0.02777,0.0488,0.0120,0.0488,4.573,86.0,正常,10,0.0533,0.1396
9e6229250fedbe05838fef417b74e7fb,65,11423.20,64,3,1,0,3,0,0.0469,0.04969,0.1385,0.1077,0.0156,3.862,45.8,正常,176,0.0533,0.1396
9f505651f4a6abe901a56cdc21508025,293,19792.61,290,9,3,4,3,0,0.0310,0.03431,0.1027,0.0068,0.0414,4.356,72.5,正常,56,0.0533,0.1396
a1043bafd471dff536d0c462352beb48,283,37925.21,278,2,1,0,1,0,0.0072,0.01422,0.0742,0.0141,0.0576,4.322,85.5,正常,12,0.0533,0.1396
a3a38f4affed601eb87a97788c949667,32,3681.78,32,0,0,0,0,0,0.0000,0.03250,0.0323,0.0313,0.0313,4.742,79.9,正常,27,0.0533,0.1396
a3e9a2c700480d9bb01fba070ba80a0e,53,5959.90,52,3,1,2,0,0,0.0577,0.05554,0.0962,0.1321,0.0385,4.192,40.9,正常,197,0.0533,0.1396
a416b6a846a11724393025641d4edd5e,56,7088.73,52,0,0,0,0,0,0.0000,0.02613,0.2143,0.0769,0.1538,3.964,55.2,需关注,137,0.0533,0.1396
a420f60ff1aa9acc80d0e42959f2b313,31,3512.00,31,1,1,0,0,0,0.0323,0.04525,0.1667,0.0000,0.0323,3.867,58.2,正常,120,0.0533,0.1396
a5cba26a62b8b4d0145b68b841e62e7f,39,10502.40,39,0,0,0,0,0,0.0000,0.02994,0.0513,0.0256,0.0256,4.487,84.3,正常,15,0.0533,0.1396
a673821011d0cec28146ea42f5ab767f,49,5673.82,49,4,2,1,1,0,0.0816,0.06732,0.1702,0.0816,0.0816,4.043,24.7,正常,256,0.0533,0.1396
aafe36600ce604f205b86b5084d3d767,43,2443.60,43,3,0,3,0,0,0.0698,0.06091,0.1395,0.1395,0.0233,4.349,36.1,正常,211,0.0533,0.1396
aba1721a889e04decc910aa13b768ef4,30,5350.80,30,1,1,1,0,0,0.0333,0.04581,0.0667,0.1333,0.0667,4.500,50.5,正常,155,0.0533,0.1396
acce39e832338debb07b02385cde5967,44,4748.10,44,1,0,0,1,0,0.0227,0.03899,0.0682,0.0000,0.0000,4.477,79.5,正常,31,0.0533,0.1396
b18dc380845b24038cfc48006478f099,30,5093.16,30,0,0,0,0,0,0.0000,0.03331,0.0345,0.0667,0.1000,4.448,66.7,正常,83,0.0533,0.1396
b1a81260566c1bac3114a6d124413f27,51,8684.69,51,3,0,2,1,0,0.0588,0.05609,0.1373,0.0000,0.0000,4.275,53.7,正常,141,0.0533,0.1396
b1fc4f64df5a0e8b6913ab38803c57a9,45,3382.02,45,6,2,1,2,0,0.1333,0.09121,0.2045,0.2222,0.1111,3.955,9.8,需关注,290,0.0533,0.1396
b2479f944e1b90cf8a5de1bbfde284d6,71,3375.94,70,6,1,1,4,0,0.0857,0.07221,0.2676,0.0704,0.0857,3.592,18.6,需关注,279,0.0533,0.1396
b2ba3715d723d245138f291a6fe42594,61,8483.09,57,3,0,2,0,1,0.0526,0.05294,0.2131,0.2069,0.1053,3.787,24.5,需关注,257,0.0533,0.1396
b39d7fe263ef469605dbb32608aee0af,36,4081.90,35,3,0,1,2,0,0.0857,0.06665,0.2000,0.0278,0.0571,3.829,31.1,正常,229,0.0533,0.1396
b410bdd36d5db7a65dcd42b7ead933b8,37,6473.90,35,0,0,0,0,0,0.0000,0.03135,0.0541,0.0270,0.0000,4.622,85.1,正常,14,0.0533,0.1396
b499c00f28f4b7069ff6550af8c1348a,80,5510.02,80,5,0,3,2,0,0.0625,0.05896,0.1000,0.1250,0.1250,4.213,30.6,正常,233,0.0533,0.1396
b4ffb71f0cb1b1c3d63fad021ecf93e1,57,2744.47,56,3,0,1,2,0,0.0536,0.05344,0.1404,0.0351,0.0357,4.175,44.5,正常,183,0.0533,0.1396
b561927807645834b59ef0d16ba55a24,78,3961.99,78,0,0,0,0,0,0.0000,0.02082,0.0641,0.0897,0.1154,4.474,71.8,正常,58,0.0533,0.1396
b6d44737c043328708f6749c2dbe50bd,30,2633.50,30,0,0,0,0,0,0.0000,0.03331,0.1000,0.0333,0.1000,4.400,63.9,正常,95,0.0533,0.1396
b76dba6c951ab00dc4edf0a1aa88037e,41,869.33,41,5,4,1,0,0,0.1220,0.08423,0.1707,0.0244,0.0976,4.146,24.3,需关注,259,0.0533,0.1396
b839e41795b7f3ad94cc2014a52f6796,33,42829.00,33,3,0,2,3,0,0.0909,0.06825,0.1818,0.0303,0.0303,4.091,34.6,正常,215,0.0533,0.1396
ba143b05f0110f0dc71ad71b4466ce92,85,6110.58,83,1,0,1,0,0,0.0120,0.02756,0.0952,0.0706,0.1205,4.417,67.5,正常,76,0.0533,0.1396
ba90964cff9b9e0e6f32b23b82465f7b,37,44072.50,37,0,0,0,0,0,0.0000,0.03063,0.0541,0.0000,0.0541,4.405,84.2,正常,16,0.0533,0.1396
bbad7e518d7af88a0897397ffdca1979,33,1376.88,32,5,2,1,2,0,0.1563,0.09348,0.4848,0.2121,0.1875,2.970,4.5,需关注,295,0.0533,0.1396
beadbee30901a7f61d031b6b686095ad,64,4373.98,64,0,0,0,0,0,0.0000,0.02338,0.1875,0.2813,0.2344,3.906,53.3,正常,142,0.0533,0.1396
c003204e1ab016dfa150abc119207b24,129,16312.00,129,3,0,0,3,0,0.0233,0.03165,0.0543,0.0155,0.0465,4.504,80.4,正常,25,0.0533,0.1396
c013e57c075a06e5b5c48ee03c525719,41,1933.56,41,1,1,0,0,0,0.0244,0.04027,0.0976,0.0244,0.0488,4.220,66.0,正常,87,0.0533,0.1396
c31eff8334d6b3047ed34bebd4d62c36,99,10222.74,97,5,1,4,1,0,0.0515,0.05214,0.1531,0.2626,0.1237,3.949,28.4,正常,243,0.0533,0.1396
c33847515fa6305ce6feb1e818569f13,114,15519.85,114,9,5,4,2,0,0.0789,0.07113,0.2105,0.0088,0.0351,3.851,33.8,需关注,219,0.0533,0.1396
c3867b4666c7d76867627c2f7fb22e21,44,6942.30,31,3,0,0,3,0,0.0968,0.06994,0.5116,0.1290,0.3226,2.744,11.4,需关注,287,0.0533,0.1396
c3cfdc648177fdbbbb35635a37472c53,74,10782.31,74,2,0,0,1,0,0.0270,0.03762,0.0959,0.0270,0.0000,4.466,73.3,正常,53,0.0533,0.1396
c60b801f2d52c7f7f91de00870882a75,38,9515.50,37,7,0,3,3,3,0.1892,0.11109,0.3158,0.3784,0.1622,3.316,2.3,高风险,299,0.0533,0.1396
c66dccfb3f109511246da627dd5a2498,35,9810.85,35,1,0,1,1,0,0.0286,0.04312,0.0286,0.0286,0.0571,4.686,67.0,正常,80,0.0533,0.1396
c70c1b0d8ca86052f45a432a38b73958,261,36537.37,260,12,1,8,3,0,0.0462,0.04731,0.0927,0.2346,0.0538,4.359,46.9,正常,168,0.0533,0.1396
c826c40d7b19f62a09e2d7c5e7295ee2,129,17034.28,126,4,0,2,1,1,0.0317,0.03787,0.1641,0.0078,0.1190,4.070,55.3,正常,136,0.0533,0.1396
c8b0e2b0a7095e5d8219575d5e7e1181,51,8213.52,51,1,0,1,0,0,0.0196,0.03629,0.1176,0.0000,0.0588,4.098,69.8,正常,63,0.0533,0.1396
c9aafcd0621b2207c10e32c649cada4d,44,2997.25,40,3,0,3,0,1,0.0750,0.06294,0.1818,0.1395,0.0750,4.023,24.3,正常,258,0.0533,0.1396
c9c7905cffc4ef9ff9f113554423e671,72,5976.95,72,4,1,0,3,0,0.0556,0.05463,0.0972,0.0833,0.1111,4.181,36.5,正常,208,0.0533,0.1396
cab85505710c7cb9b720bceb52b01cee,88,4916.10,86,0,0,0,0,0,0.0000,0.01960,0.0795,0.0682,0.0465,4.307,79.8,正常,28,0.0533,0.1396
cac4c8e7b1ca6252d8f20b2fc1a2e4af,37,1415.62,36,2,1,1,0,0,0.0556,0.05424,0.2500,0.2432,0.2500,3.694,19.1,需关注,278,0.0533,0.1396
cbd996ad3c1b7dc71fd0e5f5df9087e2,52,2835.46,52,2,0,1,1,0,0.0385,0.04574,0.1346,0.0577,0.0769,4.212,46.2,正常,171,0.0533,0.1396
cc419e0650a3c5ba77189a1882b7556a,295,18828.83,282,15,6,7,2,0,0.0532,0.05321,0.1458,0.0347,0.0780,4.064,39.7,正常,199,0.0533,0.1396
cc5a78bbad32776dc4e3af205218368c,33,4269.18,33,1,1,0,0,0,0.0303,0.04416,0.0909,0.0000,0.0303,4.455,68.8,正常,69,0.0533,0.1396
cc63f0dd2acba93ffed4fe9f8e0321fa,55,7096.71,55,3,1,2,0,0,0.0545,0.05395,0.0909,0.0545,0.0000,4.091,52.7,正常,146,0.0533,0.1396
cca3071e3e9bb7d12640c9fbe2301306,44,4154.18,43,4,0,2,2,0,0.0930,0.07167,0.2045,0.0233,0.0930,3.750,25.8,正常,252,0.0533,0.1396
ccc4bbb5f32a6ab2b7066a4130f114e3,64,24481.29,61,1,0,0,1,0,0.0164,0.03302,0.1250,0.0469,0.0492,4.281,65.6,正常,89,0.0533,0.1396
ce7d1888639e6fb06b2749cbfdac1ff7,42,6227.99,42,4,1,1,3,0,0.0952,0.07245,0.1667,0.0476,0.0714,4.286,26.3,正常,250,0.0533,0.1396
ceaec5548eefc6e23e6607c5435102e7,168,43635.18,166,8,6,1,1,0,0.0482,0.04938,0.1145,0.0119,0.0542,4.169,53.2,正常,143,0.0533,0.1396
cfb1a033743668a192316f3c6d1d2671,34,2634.80,33,2,1,0,1,0,0.0606,0.05620,0.1176,0.0882,0.0606,4.059,37.1,正常,206,0.0533,0.1396
d13e50eaa47b4cbe9eb81465865d8cfc,67,7155.05,66,0,0,0,0,0,0.0000,0.02297,0.0299,0.1343,0.0909,4.821,74.6,正常,47,0.0533,0.1396
d1c281d3ae149232351cd8c8cc885f0d,43,4860.53,43,2,0,0,2,0,0.0465,0.05016,0.3023,0.0465,0.0698,3.535,34.2,需关注,216,0.0533,0.1396
d23019c84ffae2d5ef2270367b8605fc,30,20868.50,30,0,0,0,0,0,0.0000,0.03331,0.0000,0.0000,0.0000,4.500,88.9,正常,6,0.0533,0.1396
d2374cbcbb3ca4ab1086534108cc3ab7,170,7637.40,167,22,12,5,9,0,0.1317,0.11366,0.2381,0.0769,0.0838,3.631,11.7,高风险,286,0.0533,0.1396
d566c37fa119d5e66c4e9052e83ee4ea,65,5145.70,65,1,1,0,0,0,0.0154,0.03187,0.0313,0.0154,0.0000,4.688,87.2,正常,7,0.0533,0.1396
d57e18d5f73c7ccb7f7339b61166898d,33,1813.60,33,1,0,1,0,0,0.0303,0.04416,0.0606,0.0000,0.0000,4.697,75.3,正常,42,0.0533,0.1396
d650b663c3b5f6fb392b6326366efa9a,54,17730.90,51,0,0,0,0,0,0.0000,0.02639,0.0926,0.0000,0.0588,4.241,83.8,正常,18,0.0533,0.1396
d673a59aac7a70d8b01e6902bf090a11,49,2849.04,49,2,1,1,0,0,0.0408,0.04712,0.1837,0.0000,0.1224,3.837,45.2,正常,181,0.0533,0.1396
d6b1ce66b035a475f00c017792ff9769,92,12277.40,92,4,2,0,3,0,0.0435,0.04694,0.0778,0.0326,0.0543,4.278,57.1,正常,128,0.0533,0.1396
d91fb3b7d041e83b64a00a3edfb37e4f,333,22657.22,330,26,7,15,3,2,0.0788,0.07543,0.1424,0.0811,0.0424,4.112,28.5,正常,241,0.0533,0.1396
d921b68bf747894be13a97ae52b0f386,77,15645.80,77,1,0,1,0,0,0.0130,0.02886,0.0519,0.0260,0.0130,4.558,86.7,正常,8,0.0533,0.1396
d94a40fd42351c259927028d163af842,41,5732.00,41,4,0,3,2,0,0.0976,0.07324,0.0750,0.0488,0.0000,4.300,44.3,正常,184,0.0533,0.1396
d98eec89afa3380e14463da2aabaea72,40,1699.57,40,1,1,0,0,0,0.0250,0.04072,0.1282,0.0750,0.0750,4.128,52.7,正常,147,0.0533,0.1396
d9a84e1403de8da0c3aa531d6d108ba6,53,1345.40,52,1,0,0,1,0,0.0192,0.03593,0.0755,0.0000,0.0577,4.509,74.8,正常,46,0.0533,0.1396
d9bd94811c3338dceb4181f3dbc0c73e,54,6911.02,54,0,0,0,0,0,0.0000,0.02563,0.0370,0.0185,0.0556,4.796,86.2,正常,9,0.0533,0.1396
da8622b14eb17ae2831f4ac5b9dab84a,517,59550.37,516,18,6,4,9,0,0.0349,0.03651,0.1053,0.0561,0.0756,4.240,60.1,正常,111,0.0533,0.1396
db2956745b3a8e9f3785c99f34b5d25e,47,8599.00,45,2,2,1,0,0,0.0444,0.04911,0.2128,0.4894,0.0889,3.766,28.6,需关注,240,0.0533,0.1396
dbc22125167c298ef99da25668e1011f,107,9346.91,104,5,0,1,4,0,0.0481,0.04977,0.0467,0.0000,0.0192,4.458,67.0,正常,81,0.0533,0.1396
dbd66278cbfe1aa1000f90a217ca4695,55,3062.50,55,1,0,0,1,0,0.0182,0.03490,0.0182,0.0000,0.0182,4.455,85.2,正常,13,0.0533,0.1396
dd7ddc04e1b6c2c614352b383efe2d36,61,3906.76,61,9,1,1,7,0,0.1475,0.10509,0.1667,0.2951,0.0820,3.983,13.5,需关注,284,0.0533,0.1396
de23c3b98a88888289c6f5cc1209054a,46,7594.77,45,1,0,1,0,0,0.0222,0.03858,0.1087,0.0435,0.0889,4.065,58.4,正常,118,0.0533,0.1396
de722cd6dad950a92b7d4f82673f8833,238,40861.20,236,8,2,2,2,5,0.0339,0.03729,0.0802,0.0210,0.0212,4.392,74.4,正常,49,0.0533,0.1396
dee656f0f566ed1aa85bd137c943f08f,46,3955.40,46,1,0,1,0,0,0.0217,0.03818,0.0217,0.0217,0.0217,4.652,78.0,正常,35,0.0533,0.1396
dfa0c4c6229ab200a4a1336b4d7128ff,77,4777.10,77,7,2,3,3,0,0.0909,0.07610,0.1818,0.0130,0.0130,4.000,36.3,正常,209,0.0533,0.1396
e333046ce6517bd8bb510291d44f0130,34,3061.00,34,1,0,0,1,0,0.0294,0.04363,0.1765,0.0294,0.0588,4.000,51.0,正常,152,0.0533,0.1396
e59aa562b9f8076dd550fcddf0e73491,31,14361.80,30,0,0,0,0,0,0.0000,0.03331,0.0645,0.0000,0.0667,4.355,77.2,正常,38,0.0533,0.1396
e5a3438891c0bfdb9394643f95273d8e,38,1293.60,36,0,0,0,0,0,0.0000,0.03099,0.3158,0.0789,0.2778,3.500,47.4,需关注,165,0.0533,0.1396
e5a38146df062edaf55c38afa99e42dc,38,5539.82,37,1,0,0,0,1,0.0270,0.04213,0.2105,0.0263,0.1351,3.790,45.6,需关注,179,0.0533,0.1396
e882b2a25a10b9c057cc49695f222c19,45,38489.04,45,0,0,0,0,0,0.0000,0.02805,0.0444,0.0889,0.0000,4.622,83.4,正常,20,0.0533,0.1396
e8b4225284fbb02d16f200513f1f395d,31,5788.52,30,0,0,0,0,0,0.0000,0.03331,0.0645,0.0323,0.1000,4.194,68.0,正常,75,0.0533,0.1396
e9779976487b77c6d4ac45f75ec7afe9,303,16676.47,298,9,1,4,4,0,0.0302,0.03352,0.1130,0.0399,0.0537,4.263,66.0,正常,86,0.0533,0.1396
e9bc59e7b60fc3063eb2290deda4cced,107,13996.62,101,7,2,0,2,3,0.0693,0.06401,0.1776,0.3619,0.0792,3.944,21.7,正常,270,0.0533,0.1396
ea566164622c6b439516ab18062c42cd,39,6010.23,39,3,0,3,0,0,0.0769,0.06365,0.2564,0.1026,0.1538,3.744,16.7,需关注,280,0.0533,0.1396
ea67327e24487bdfac5fbfa37ea124df,31,5440.18,31,2,0,1,1,0,0.0645,0.05759,0.2258,0.0323,0.0323,3.613,35.8,需关注,212,0.0533,0.1396
ea8482cd71df3c1969d7b9473ff13abc,502,16570.04,495,39,15,17,8,0,0.0788,0.07645,0.1580,0.0677,0.0869,4.012,23.0,正常,260,0.0533,0.1396
ececbfcff9804a2d6b40f589df8eef2b,74,5326.12,74,2,1,0,0,1,0.0270,0.03762,0.1216,0.0135,0.0946,4.176,61.5,正常,106,0.0533,0.1396
edb1ef5e36e0c8cd84eb3c9b003e486d,95,47264.70,94,2,0,1,2,0,0.0213,0.03240,0.0842,0.0105,0.0957,4.400,71.7,正常,59,0.0533,0.1396
ede0c03645598cdfc63ca8237acbe73d,35,2088.57,32,0,0,0,0,0,0.0000,0.03250,0.2121,0.0882,0.2813,3.849,46.8,需关注,169,0.0533,0.1396
ef0ace09169ac090589d85746e3e036f,76,9690.40,76,1,0,0,1,0,0.0132,0.02909,0.0789,0.1316,0.0921,4.487,66.5,正常,84,0.0533,0.1396
ef506c96320abeedfb894c34db06f478,48,1345.25,48,2,0,2,0,0,0.0417,0.04760,0.1667,0.1042,0.1250,3.979,34.2,正常,217,0.0533,0.1396
f0b47fbbc6dee9aafe415a6e33051b3f,57,3169.88,56,4,1,0,3,0,0.0714,0.06288,0.1228,0.0702,0.0893,4.263,32.6,正常,223,0.0533,0.1396
f214d28e8d8e3ef068748498ccc2f813,32,1394.64,32,1,0,1,1,0,0.0313,0.04470,0.0645,0.0000,0.0000,4.613,74.0,正常,51,0.0533,0.1396
f262cbc1c910c83959f849465454ddd3,87,3309.44,87,4,0,1,3,0,0.0460,0.04865,0.1395,0.0230,0.0805,4.151,47.1,正常,167,0.0533,0.1396
f3da5b2ff499efb8d4a6d371d175d7dd,51,1946.88,49,2,2,0,0,0,0.0408,0.04712,0.1400,0.1020,0.0612,4.120,43.1,正常,188,0.0533,0.1396
f457c46070d02cadd8a68551231220dd,75,7406.10,75,5,0,0,5,0,0.0667,0.06132,0.1892,0.0800,0.0267,4.014,32.6,正常,224,0.0533,0.1396
f46490624488d3ff7ce78613913a7711,83,5802.85,80,10,3,4,4,2,0.1250,0.09742,0.2651,0.2169,0.1125,3.663,6.6,需关注,293,0.0533,0.1396
f5a590cf36251cf1162ea35bef76fe84,50,20304.00,50,1,0,1,0,0,0.0200,0.03665,0.0600,0.0800,0.0400,4.400,66.8,正常,82,0.0533,0.1396
f7720c4fa8e3aba4546301ab80ea1f1b,38,1188.30,37,1,1,0,0,0,0.0270,0.04213,0.1053,0.0263,0.0541,4.211,63.0,正常,97,0.0533,0.1396
f7ba60f8c3f99e7ee4042fdef03b70c4,135,45081.00,135,2,0,0,2,0,0.0148,0.02522,0.1037,0.0074,0.1630,4.207,74.0,正常,52,0.0533,0.1396
f7ccf836d21b2fb1de37564105216cc1,53,2204.50,53,3,1,2,1,0,0.0566,0.05500,0.1731,0.0189,0.0377,3.923,42.2,正常,192,0.0533,0.1396
f80edd2c5aaa505cc4b0a3b219abf4b8,75,5972.10,73,3,1,0,2,0,0.0411,0.04606,0.1622,0.0405,0.0411,4.122,49.4,正常,157,0.0533,0.1396
f84a00e60c73a49e7e851c9bdca3a5bb,31,1735.90,31,1,1,0,0,0,0.0323,0.04525,0.2903,0.0000,0.1935,3.516,42.4,需关注,191,0.0533,0.1396
f84fa566034f5e8e880a07ec624c56af,87,4804.19,85,0,0,0,0,0,0.0000,0.01974,0.1279,0.2184,0.1059,4.174,63.2,正常,96,0.0533,0.1396
f8db351d8c4c4c22c6835c19a46f01b0,221,17159.00,218,9,3,4,2,0,0.0413,0.04353,0.1376,0.0545,0.0550,4.124,52.4,正常,149,0.0533,0.1396
fa1c13f2614d7b5c4749cbc52fecda94,226,68565.19,221,4,2,0,2,0,0.0181,0.02459,0.1396,0.1205,0.1312,4.167,60.7,正常,109,0.0533,0.1396
fa40cc5b934574b62717c68f3d678b6d,39,2175.00,38,3,1,0,2,0,0.0789,0.06438,0.2051,0.0769,0.1579,3.949,19.3,正常,277,0.0533,0.1396
fcb5ace8bcc92f75707dc0f01a27d269,37,5387.31,35,2,1,0,1,0,0.0571,0.05488,0.1351,0.1429,0.0286,3.973,39.2,正常,201,0.0533,0.1396
fd386aa7bed2af3c7035c65506c9b4a3,67,2174.15,67,3,1,0,2,0,0.0448,0.04842,0.1343,0.0448,0.0896,4.388,43.6,正常,187,0.0533,0.1396
fe2032dab1a61af8794248c8196565c9,104,22971.60,104,2,0,2,1,0,0.0192,0.03029,0.1078,0.0769,0.0962,4.402,63.9,正常,94,0.0533,0.1396
ff063b022a9a0aab91bad2c9088760b7,53,6627.00,53,1,0,0,1,0,0.0189,0.03558,0.0566,0.0377,0.0189,4.377,75.1,正常,44,0.0533,0.1396
ff1fb4c404b2efe68b03350a8dc24122,41,5951.00,41,2,2,0,0,0,0.0488,0.05126,0.1707,0.1951,0.1220,4.000,28.2,正常,244,0.0533,0.1396
