product_category_name,category_en,category_cn,category_l1
agro_industria_e_comercio,agro_industry_and_commerce,农业工商,其他
alimentos,food,食品,食品酒水
alimentos_bebidas,food_drink,食品饮料,食品酒水
artes,art,艺术品,家居家纺
artes_e_artesanato,arts_and_craftmanship,手工艺品,家居家纺
artigos_de_festas,party_supplies,派对用品,家居家纺
artigos_de_natal,christmas_supplies,圣诞用品,家居家纺
audio,audio,影音设备,3C数码
automotivo,auto,汽车用品,汽配工具
bebes,baby,婴童用品,母婴玩具
bebidas,drinks,酒水饮料,食品酒水
beleza_saude,health_beauty,美妆健康,美妆个护
brinquedos,toys,玩具,母婴玩具
cama_mesa_banho,bed_bath_table,床品布艺卫浴,家居家纺
casa_conforto,home_confort,居家舒适,家居家纺
casa_conforto_2,home_comfort_2,居家舒适2,家居家纺
casa_construcao,home_construction,家装建材,汽配工具
cds_dvds_musicais,cds_dvds_musicals,音乐CD/DVD,图书文娱
cine_foto,cine_photo,摄影摄像,3C数码
climatizacao,air_conditioning,空调冷暖,家用电器
consoles_games,consoles_games,游戏主机,3C数码
construcao_ferramentas_construcao,construction_tools_construction,建筑工具,汽配工具
construcao_ferramentas_ferramentas,costruction_tools_tools,五金工具,汽配工具
construcao_ferramentas_iluminacao,construction_tools_lights,灯具照明,汽配工具
construcao_ferramentas_jardim,costruction_tools_garden,园林建材,汽配工具
construcao_ferramentas_seguranca,construction_tools_safety,安防工具,汽配工具
cool_stuff,cool_stuff,潮流好物,钟表与潮流好物
dvds_blu_ray,dvds_blu_ray,影视光碟,图书文娱
eletrodomesticos,home_appliances,家用电器,家用电器
eletrodomesticos_2,home_appliances_2,家用电器2,家用电器
eletronicos,electronics,电子产品,3C数码
eletroportateis,small_appliances,小家电,家用电器
esporte_lazer,sports_leisure,运动休闲,运动户外
fashion_bolsas_e_acessorios,fashion_bags_accessories,箱包配饰,服饰鞋包
fashion_calcados,fashion_shoes,鞋靴,服饰鞋包
fashion_esporte,fashion_sport,运动服饰,服饰鞋包
fashion_roupa_feminina,fashio_female_clothing,女装,服饰鞋包
fashion_roupa_infanto_juvenil,fashion_childrens_clothes,童装,母婴玩具
fashion_roupa_masculina,fashion_male_clothing,男装,服饰鞋包
fashion_underwear_e_moda_praia,fashion_underwear_beach,内衣泳装,服饰鞋包
ferramentas_jardim,garden_tools,园艺工具,汽配工具
flores,flowers,鲜花绿植,家居家纺
fraldas_higiene,diapers_and_hygiene,纸尿裤卫生,母婴玩具
industria_comercio_e_negocios,industry_commerce_and_business,工商业用品,其他
informatica_acessorios,computers_accessories,电脑配件,3C数码
instrumentos_musicais,musical_instruments,乐器,图书文娱
la_cuisine,la_cuisine,厨具,家居家纺
livros_importados,books_imported,进口图书,图书文娱
livros_interesse_geral,books_general_interest,大众图书,图书文娱
livros_tecnicos,books_technical,专业图书,图书文娱
malas_acessorios,luggage_accessories,旅行箱包,服饰鞋包
market_place,market_place,平台综合,其他
moveis_colchao_e_estofado,furniture_mattress_and_upholstery,床垫沙发,家居家纺
moveis_cozinha_area_de_servico_jantar_e_jardim,kitchen_dining_laundry_garden_furniture,厨房餐厅庭院家具,家居家纺
moveis_decoracao,furniture_decor,家具软装,家居家纺
moveis_escritorio,office_furniture,办公家具,家居家纺
moveis_quarto,furniture_bedroom,卧室家具,家居家纺
moveis_sala,furniture_living_room,客厅家具,家居家纺
musica,music,音乐,图书文娱
papelaria,stationery,文具,图书文娱
pc_gamer,pc_gamer,电竞电脑,3C数码
pcs,computers,电脑整机,3C数码
perfumaria,perfumery,香水香氛,美妆个护
pet_shop,pet_shop,宠物用品,宠物
portateis_casa_forno_e_cafe,small_appliances_home_oven_and_coffee,烤箱咖啡机,家用电器
portateis_cozinha_e_preparadores_de_alimentos,portable_kitchen_food_processors,厨房料理电器,家用电器
relogios_presentes,watches_gifts,钟表礼品,钟表与潮流好物
seguros_e_servicos,security_and_services,保险服务,其他
sinalizacao_e_seguranca,signaling_and_security,标识安防,汽配工具
tablets_impressao_imagem,tablets_printing_image,平板打印,3C数码
telefonia,telephony,手机通讯,3C数码
telefonia_fixa,fixed_telephony,固定电话,3C数码
utilidades_domesticas,housewares,家庭日用,家居家纺
